borrower_id,credit_policy,log_annual_inc,dti,fico,days_with_cr_line,revol_bal,revol_util,inq_last_6mths,delinq_2yrs,pub_rec
B1102,0,10.5966347,14.52,657,3810,8545,82.2,3,0,0
B1435,1,11.1562505,10.89,732,3600,15942,40.9,3,0,0
B1860,1,10.3481734,13.73,692,2069.95833,14154,85.8,0,0,0
B1270,0,11.0020998,28.16,672,6480.04167,7846,25.8,4,1,0
B1106,1,11.1273218,3.99,702,5040,468,7.2,1,1,0
B1071,1,10.0432495,21.23,687,2760.04167,6867,41.6,0,0,0
B1700,1,10.8780472,13.09,737,2280.04167,3706,11.2,1,0,0
B1020,1,10.9985102,17.58,722,3030.04167,6908,32,2,0,0
B1614,0,11.2897819,16.84,697,3570.04167,13948,39,4,1,0
B1121,1,,8.16,697,3480.04167,3153,28.9,2,0,0
B1466,1,10.3089527,15.44,677,3690,3971,58.4,0,0,0
B1214,1,10.7144178,1.79,682,1230.04167,1298,81.1,0,0,0
B1330,1,10.6454249,20.91,697,3240.95833,973,48.6,3,0,0
B1458,1,11.1690257,17.69,697,5639.95833,25700,92.2,0,0,0
B1087,0,9.90348755,12.9,0,4169.95833,13660,66,4,0,0
B1372,1,10.5186732,7.91,682,4049.95833,8748,85.8,1,0,0
B1099,1,11.0935845,4.89,757,4620,6055,31.9,0,0,0
B1871,1,10.3809632,15.63,707,14879.9583,14489,89.4,0,0,0
B1663,1,10.5965347,0.3,747,1649.95833,1127,11.7,0,0,0
B1130,1,11.4927228,8.52,662,4380,31961,87.9,1,0,0
B1661,1,,5.38,752,4350,5959,70.9,0,0,0
B1308,1,10.7789563,8.82,722,3239.95833,3688,32.1,0,0,0
B1769,1,11.5617156,23.9,707,7500,70432,89.3,0,0,0
B1343,1,9.9986159,15.44,687,4573.04167,4806,27.2,0,0,0
B1491,1,10.2739471,23.12,707,2490,7058,94.3,3,0,0
B1413,0,11.5805841,15.88,687,1259.04167,12154,29.4,5,0,0
B1805,1,10.9150885,10.82,697,7949.95833,405,6.2,1,0,0
B1385,0,11.5128855,15.29,707,3060,6386,24.2,4,0,0
B1191,1,10.8077057,10.91,667,2040.04167,6241,21,3,0,0
B1955,1,9.94251594,5.02,687,1205,1889,43.9,2,0,0
B1276,1,11.4927228,16.4,697,4350,30993,71.2,0,0,0
B1160,1,11.0020998,20.74,742,6692,24030,82.9,3,0,0
B1459,0,10.5966347,3.09,677,1291.95833,3127,104.2,0,0,0
B1313,1,11.695247,11.7,667,7027.04167,18131,81.1,3,0,0
B1021,1,11.4721035,18.46,682,11490,39502,87.6,0,0,0
B1252,1,10.7189409,21.48,742,3708,2529,11.7,1,0,0
B1747,0,12.0725413,14.78,667,7530,84355,95.9,4,0,0
B1856,1,10.4631033,10.8,732,3810.04167,10631,36.9,3,0,0
B1560,1,11.2252434,11.31,777,3000.04167,1126,7.9,0,0,0
B1474,0,11.3975146,18.36,727,12599.9583,25076,57.7,4,0,0
B1058,1,10.4656145,11.01,757,8579.95833,13819,36.9,0,0,0
B1510,1,10.7342204,20.94,727,3210,4902,47.1,0,0,0
B1681,1,10.8780472,14.08,707,3809.95833,12053,87.3,3,0,0
B1475,1,10.858999,23.12,687,3627,13882,69.4,0,0,0
B1699,1,10.9681983,4.43,697,11790,8652,50.3,1,0,1
B1975,1,10.2431333,17.63,677,2550,7474,35.8,2,1,0
B1782,1,10.8696916,13.11,727,4085,16194,39.8,1,0,0
B1189,1,10.4912742,8.3,687,2280.04167,8989,36.2,0,0,0
B1957,1,10.3089527,10.84,677,2670,3962,56.6,1,0,0
B1686,0,8.86248358,2.38,642,3972,469,93.8,0,1,0
B1562,0,10.9150885,23.04,687,4079.95833,17568,66,4,0,0
B1875,1,10.8197783,20.45,707,5820,11781,58.9,2,0,0
B1566,1,10.7789563,20.6,662,4110.04167,10441,50.7,2,2,0
B1243,1,10.5584135,17.86,737,2670.04167,0,0,1,0,0
B1831,1,9.50599061,2.05,717,3090,1554,23.9,2,0,0
B1504,1,8.4763712,13.75,702,2580,0,36.5,0,0,0
B1484,1,10.4912742,8.93,692,2940.04167,13568,75.4,3,0,0
B1818,1,10.2399598,14.57,702,2490,12979,31,0,0,0
B1646,0,10.7144178,0.67,702,2977,339,11.7,6,0,0
B1840,1,10.6487527,11.33,737,3450,13421,67.4,0,0,0
B1166,1,10.7144178,17.89,697,2970.04167,11585,49.1,0,0,0
B1273,1,10.5966347,14.79,762,2611,1357,7.1,0,0,0
B1387,1,10.7538359,6.38,772,1440,233,6.7,0,0,0
B1600,1,10.3089527,6.44,677,5040,5464,86.7,1,0,0
B1315,1,9.79812704,23.53,707,1920.04167,12231,86.1,0,0,0
B1013,1,10.6213274,11.41,742,1260.04167,2246,16.9,0,0,0
B1241,1,11.1844214,13.8,747,4229.95833,15968,28.6,4,0,0
B1776,1,9.57498349,0,662,1800,0,0,0,4,0
B1345,0,10.5966347,3.39,677,630,4152,62.9,2,0,0
B1564,1,10.5966347,14.88,757,6150,15280,56.2,0,0,0
B1897,1,10.5966347,18.24,712,5009.95833,15955,70.9,1,0,0
B1339,1,11.2897819,11.13,752,3600,7268,24.9,1,0,0
B1091,0,12.6115378,3.76,717,5700.04167,95564,82.2,5,0,0
B1366,1,10.5966347,21.36,732,4920.04167,22026,65.9,1,0,0
B1454,1,10.727663,0.26,782,5399.95833,0,0,3,0,0
B1427,1,10.2398169,22.72,702,2939.95833,3972,37.8,1,0,0
B1508,1,11.2897819,17.16,697,4950,22630,53.9,1,0,0
B1775,0,9.39266193,19.3,667,5668.95833,2545,14.4,4,1,0
B1942,1,11.3181264,0.58,762,1499.95833,849,1.9,0,0,0
B1034,1,11.3221523,11.91,702,3779.95833,2015,31,1,0,0
B1205,1,11.0020998,22.06,697,2220,13932,71.8,0,0,0
B1080,0,10.6454249,0.29,727,570,305,8,2,0,0
B1931,1,10.3089527,19.08,667,3300.04167,2603,44.1,3,0,0
B1561,1,10.6454249,15.29,692,5219.95833,5826,31.5,0,1,0
B1001,1,9.70503661,12.29,727,1830,7901,44.4,2,0,0
B1389,0,10.9681983,8.23,687,2790.04167,1514,13.8,5,0,0
B1565,1,11.3952674,5.66,702,5970,8950,31.1,2,0,0
B1105,0,10.4631033,8.4,692,5161,3037,66,7,0,1
B1771,1,10.5966347,12.42,767,4478.04167,739,2.1,1,0,0
B1821,0,9.39266193,17.1,632,1199.04167,7587,97.3,0,0,0
B1476,1,11.5521462,8.75,707,6600,5199,12.5,1,1,0
B1702,0,10.4912742,22.13,667,2940,37617,89.4,0,0,0
B1401,1,10.1658518,11.77,662,1170.04167,12597,63,1,0,0
B1729,0,10.8967393,9.98,642,3450,18865,60.8,0,0,0
B1555,1,11.2772031,0.5,782,7622,33,0.2,2,0,0
B1161,1,10.7032445,29.15,752,4529.95833,5171,44.2,1,0,0
B1201,0,11.695247,4,742,4080,0,22.1,6,0,0
B1995,1,11.3850921,13.28,727,5836,12672,21,3,3,0
B1269,1,10.4631033,16.15,697,4204,14852,79.4,0,0,0
B1862,1,10.7536385,2.87,782,6630,6049,19.1,0,0,0
B1815,0,11.3986363,3.63,732,5549.95833,15306,51.2,7,0,0
B1455,1,10.7144178,24.91,687,3899.95833,15134,74.6,0,0,0
B1461,1,11.3504065,8.1,712,2699.95833,33667,73.2,1,0,0
B1726,1,11.09741,21.07,722,4769.95833,18136,44.7,0,0,0
B1251,1,10.1501914,8.25,767,1860,72,2.8,1,0,0
B1701,1,9.68781602,10.57,722,1710,5308,40.2,0,0,0
B1295,1,11.2252434,20.86,767,7950.04167,38511,22.9,2,0,0
B1724,0,11.2897819,23.41,677,9119.95833,81089,86.8,0,1,2
B1719,1,11.0020998,13.72,717,9450,6577,15.8,2,0,0
B1748,1,11.1844214,9.32,737,3669,22636,67.6,0,0,0
B1337,0,10.2399598,19.54,667,3960.04167,13542,56.4,5,1,0
B1878,1,11.5424843,16.9,687,7620,66520,91.1,0,0,0
B1052,1,11.1154285,15.5,707,2370.04167,12569,46.2,0,0,0
B1791,1,10.7428108,5.94,707,4379.95833,8134,80.2,0,0,0
B1921,0,11.7905572,11.74,707,2220.04167,20794,57.1,7,0,0
B1216,1,10.4042628,8.25,687,6635,5745,18.4,2,1,0
B1763,1,11.795394,17.68,682,11340,55045,85.2,0,1,0
B1187,0,10.8985895,14.91,667,6122.04167,26814,57.7,5,5,0
B1379,1,10.7144178,11.31,727,2730,14571,59.5,0,0,0
B1492,1,10.9508066,9.62,772,5969.95833,57033,29.8,0,0,0
B1040,1,11.6351431,6.02,727,6719.95833,13610,43.1,0,0,0
B1156,1,11.736069,2.14,762,8370,21050,1,0,0,0
B1014,1,9.85286772,5.24,662,3360.04167,1418,28.9,2,0,0
B1812,1,10.5558127,9.69,662,1290.04167,12863,37.9,1,0,0
B1064,1,10.1655441,14.82,717,4169.95833,1059,11.1,0,0,0
B1838,1,10.9852927,11.69,692,2069.95833,7133,63.7,1,0,0
B1520,1,11.0020998,15.7,742,5460,34679,57.6,0,0,0
B1128,1,10.0517351,16.76,667,2820,4013,66.9,0,0,0
B1647,1,9.96758848,17.61,687,3209.95833,10948,96.9,0,0,0
B1471,1,11.4403548,2.71,717,6138.04167,9612,41.1,3,0,0
B1062,1,11.1562505,16.82,747,6780.04167,19388,19.8,0,0,0
B1138,1,10.5453414,10.33,0,2235.04167,5124,35.3,1,2,0
B1498,0,10.7789563,0.72,712,2910,3987,99.9,5,0,0
B1592,1,10.7144178,16.24,792,4020,18830,52,0,0,0
B1391,0,11.7598168,20.61,717,8730,54294,72.4,4,0,0
B1674,1,11.5158811,11.13,697,4921.04167,9935,16.5,0,0,0
B1418,1,11.1418618,0.2,762,7260,2153,23.2,0,0,0
B1288,1,10.8197783,20.83,692,1470,10634,57.5,2,0,0
B1378,1,10.8197783,20.59,662,1680,19056,69,0,0,0
B1772,1,11.4256668,12.44,682,5700,7945,41.4,2,0,0
B1489,0,12.3458346,10.12,687,4170.04167,13925,55.5,5,2,0
B1230,0,10.7789563,3.8,657,3389.95833,4554,44.6,0,0,0
B1027,1,11.2118204,12.65,707,3064.04167,1756,31.4,1,0,0
B1134,0,9.90348755,18.36,677,665,661,44.1,4,0,0
B1200,0,10.5770441,13.19,677,869.958333,634,42.3,3,0,0
B1839,0,11.7699834,17.4,757,8760,230420,33.8,0,0,0
B1779,1,11.2897819,9.67,742,3479.95833,254,1.1,6,0,0
B1929,1,11.2252434,11.25,747,7290,13816,23.7,6,0,0
B1032,1,10.3089527,17.76,732,1950.04167,312,3.6,1,0,0
B1047,1,11.4616743,7.01,717,12060,10147,31.7,3,0,0
B1502,0,11.654425,1,802,6750.04167,0,5,5,0,0
B1406,1,11.7752897,5.18,707,4110.04167,26652,80.5,2,0,0
B1573,1,11.3503595,20.44,672,5490,28511,56.7,1,0,0
B1727,1,11.2644641,15.51,687,8580,19367,49.9,2,0,0
B1804,1,12.2060927,10.93,742,7020,79062,50.8,0,0,0
B1098,1,11.407565,12.15,757,3779.95833,5948,56.6,0,0,0
B1683,1,11.3504065,19.48,737,5639.95833,28854,52.1,0,0,0
B1725,0,10.7789563,19.63,657,4379.95833,45076,56.8,6,0,0
B1986,1,10.1658518,9.14,762,6752.04167,507,3.5,0,0,0
B1546,1,,19.82,742,5790,36112,71.2,3,0,0
B1960,0,11.0413206,19.25,707,5940,12177,75.6,5,0,0
B1738,1,10.7231793,14.7,682,3060.04167,6474,93.8,1,0,0
B1612,1,11.5617156,20.33,762,5340,18590,22.2,0,0,0
B1642,1,10.8197783,19.2,667,4264.95833,9625,49.1,2,0,0
B1768,1,11.0020998,22.38,697,4289.95833,42430,81.8,0,0,0
B1004,1,10.9150157,21.41,727,3900.04167,17102,73.1,1,0,0
B1217,1,11.7440372,17.14,682,8369.95833,46226,97.9,1,0,0
B1766,1,11.2384886,15.28,667,3869.95833,15578,91.1,0,0,0
B1397,1,11.407565,4.88,737,8939.95833,13253,20.2,1,0,0
B1870,1,10.529426,10.3,747,2160.95833,543,0.9,6,0,0
B1794,1,10.5453414,4.8,702,4410,768,5.6,0,0,0
B1392,1,10.3089527,5.4,717,6360.95833,6291,81.7,1,0,0
B1206,1,10.8197783,24.53,727,2430.04167,20371,65.4,0,0,0
B1857,0,10.9150885,18.98,717,5254,2725,38.9,7,0,1
B1553,1,10.1658518,10.85,682,1620.04167,9106,52.6,0,0,0
B1891,1,9.54681261,0.86,757,1772,185,1.7,1,0,0
B1460,1,10.7893191,16.7,712,2430,5198,41.6,2,0,0
B1690,0,9.57498349,0,757,300,0,0,0,0,0
B1574,1,11.1562505,0.26,762,4379.95833,186,0.7,2,0,0
B1863,1,11.7610738,4.48,757,6198,5615,8.9,0,0,0
B1742,1,11.5129255,17.24,702,4170.04167,30438,79.4,0,0,0
B1240,0,11.0349542,14.36,647,2490.04167,7897,28.7,6,1,0
B1563,1,10.4912742,22.47,737,4020,19796,30.1,1,0,0
B1095,1,10.4631033,0,772,6809.95833,1238,7.3,0,1,0
B1899,0,10.6919449,23.62,702,3780.04167,6255,56.9,5,2,0
B1733,1,11.0020998,1.28,702,1290.04167,4980,55.3,1,0,0
B1654,1,10.1266311,18.82,712,2850,10579,47.2,1,0,0
B1170,1,11.2050407,22.32,727,11340,33980,74.7,0,0,0
B1540,1,10.0858091,10.1,782,5400,1458,18,1,0,0
B1035,0,11.1562505,0.26,687,344.958333,1169,48.7,0,0,0
B1524,1,10.8197783,7.8,742,3720,5749,33.8,0,0,0
B1159,1,10.4631033,23.07,707,1499.95833,7828,23.9,2,0,0
B1698,0,10.7590724,29.74,662,4500,2663,20.3,0,1,0
B1242,1,10.9508066,22.76,712,4650,8939,74.5,0,0,0
B1085,1,10.9510949,14.77,722,5280,9107,93.9,0,0,0
B1795,1,9.48797211,9.73,727,1559.95833,6282,44.6,0,0,0
B1577,1,10.7789563,0.85,712,5190.04167,797,31.9,0,0,1
B1556,0,11.2897819,19.2,692,5639.95833,40407,63.5,6,0,0
B1952,0,9.87816975,0.92,692,360,362,25.9,0,0,0
B1645,0,11.695247,19.02,667,6390.04167,121719,60,5,0,0
B1619,1,12.3238557,12.7,727,9000,121563,26.6,1,0,0
B1797,1,11.6550759,10.12,687,4979.95833,34842,95.5,0,0,0
B1639,0,10.1811193,13.55,687,4109.04167,40091,33.2,0,0,0
B1505,0,10.6511229,2.22,662,450,689,68.9,0,0,0
B1347,0,10.3089527,0.4,672,1590,174,9.2,7,1,0
B1472,1,11.3777928,20.95,702,6630,31518,93.2,0,0,0
B1224,1,10.1266311,9.79,692,6721,6355,65.5,1,0,0
B1384,1,11.1562505,17.04,667,5580.95833,22875,86,0,0,0
B1376,1,10.7789563,23.55,712,1890,4659,41.6,0,0,0
B1282,1,11.3504065,6.38,667,7229.95833,1196,12,3,4,0
B1632,0,11.6082356,16.2,737,12209.9583,144217,12,0,1,0
B1627,1,11.1562505,10.2,672,3598.95833,26283,39.5,0,1,0
B1972,1,10.1105017,9.95,752,5167,8522,21.7,1,0,0
B1744,1,10.7144178,7.92,757,8640.04167,8647,26.2,1,0,0
B1258,1,11.0348897,10.35,702,1829.95833,17499,60,0,0,0
B1358,1,11.1418618,7.1,732,3180,18831,48.5,1,0,0
B1709,1,12.2060727,3.72,812,6778.95833,85607,0.7,0,0,0
B1410,1,10.5965347,4.71,772,2130,229,2.6,0,0,0
B1648,0,10.4222814,17.18,662,1500,4339,11.6,4,0,0
B1317,1,10.3089527,18.6,667,4980.04167,9092,68.4,1,0,0
B1676,1,11.9183906,7.01,727,4778,17161,26,1,1,0
B1233,1,10.4631033,1.03,727,1230.04167,1834,12.8,1,0,0
B1974,0,11.0020998,21.34,642,5880,25254,53.1,24,0,0
B1826,0,10.4912742,0.6,727,570.041667,596,29.8,0,0,0
B1373,1,11.3504065,0.31,787,3540,216,0.6,0,0,0
B1671,1,11.3504065,0.17,777,6570,2994,9.5,0,0,0
B1607,1,10.6358555,22.36,677,5580,12785,77.2,2,0,0
B1232,1,11.4824663,2.09,717,4590.04167,5652,22.3,0,0,0
B1691,1,11.163368,17.11,727,3450,8952,22.3,1,0,0
B1112,1,10.5132531,16.24,697,4919.95833,3382,36.1,0,0,0
B1829,1,11.1134686,1.81,777,7199.95833,4814,23.5,0,0,0
B1496,1,10.4573727,5.93,667,5820,11670,81.6,1,0,1
B1441,0,12.7656884,11.38,717,8520.04167,1207359,56,7,0,0
B1267,1,10.584056,1.12,682,3990,1536,15.8,1,0,0
B1509,1,11.9183906,0.7,812,11702,346,0.7,0,0,0
B1806,1,10.5558127,24.5,717,4500.04167,14438,62.2,0,0,0
B1386,1,11.1976666,14.97,732,6360.04167,11961,17.1,2,0,0
B1624,1,10.8197783,6,672,5009.95833,9814,59.5,1,0,1
B1951,1,11.0821426,16.25,722,4049.95833,15923,56.3,0,0,0
B1641,1,11.1844214,15.45,662,2614,9317,61.7,2,0,0
B1219,1,11.5898865,11.56,667,4649.95833,13706,45.7,1,1,0
B1854,0,11.5129255,24.79,662,7621,41190,75.2,4,0,0
B1996,1,10.4632176,19.61,717,4439.95833,213,7.1,1,0,1
B1735,0,9.90348755,10,712,1139,0,10.7,4,0,0
B1402,1,10.7144178,0,782,4500.04167,0,0,3,0,0
B1637,1,11.5617156,3.69,757,1679.95833,1470,14.7,0,0,0
B1129,1,10.5782162,17.2,667,1410,4863,69.5,0,1,0
B1415,1,11.4295439,7.63,692,1979.95833,752,2.5,2,2,0
B1246,1,10.9150885,13.16,707,13681,9030,37.5,2,0,0
B1835,1,11.6526874,14.01,687,7770,7915,38.4,2,0,0
B1438,1,11.2252434,18.67,732,5700,7849,40.5,1,0,0
B1202,1,11.6351431,3.94,662,4530.04167,31852,80.6,3,1,0
B1183,1,11.3504065,9.15,787,7469.95833,9825,24.3,0,0,0
B1122,1,14.1244648,0.62,782,4709.95833,20,0.1,2,0,0
B1400,0,10.6689554,4.19,682,630,58,7.2,1,0,0
B1293,1,10.5965347,16.29,667,2729.95833,14244,85.8,2,0,0
B1279,1,10.5186732,20.04,737,3871.04167,15460,60.6,0,0,0
B1836,1,11.0042974,8.94,682,2400.04167,14917,64.3,0,0,0
B1883,1,10.3212764,10.19,692,2940,20167,89.6,0,0,0
B1609,1,11.736069,7.05,782,5640.04167,16931,34.6,1,0,0
B1197,1,9.680344,19.2,697,1949.95833,7155,38.3,1,0,0
B1981,1,11.2353785,11.4,677,3510,457,18,0,0,0
B1906,1,10.4767864,17.28,672,3519,6547,56.9,0,0,0
B1751,1,10.4631033,13.92,712,1770,800,15.1,0,0,0
B1143,1,10.9150885,2.62,742,1537.95833,4109,23.2,0,0,0
B1608,1,11.7753513,1.68,777,5352.95833,6638,40.7,0,0,0
B1123,1,11.7597855,19.28,702,11309.9583,16146,54.4,3,0,0
B1186,1,10.5965347,8.55,672,4620.04167,3469,56.9,1,0,1
B1325,0,12.3883942,13.13,692,5889,394107,77.6,0,0,0
B1463,0,10.0858091,1.15,732,1230.04167,972,11.3,5,0,0
B1348,1,10.494602,14.45,707,1621.04167,4551,25.3,0,0,0
B1770,0,11.5327281,17.21,697,5520,184938,47.3,1,0,1
B1659,1,9.85198371,17.94,737,7262,8962,40.7,1,0,0
B1954,1,11.6082356,16.27,762,4793,12311,24.9,2,0,0
B1962,0,9.99879773,15.44,647,1500,7872,66.2,1,2,0
B1146,1,10.5023241,1.75,682,1860,3867,32.5,2,0,0
B1147,1,10.3734912,22.09,702,2945,14166,81.4,0,0,0
B1710,1,11.9512062,7.43,662,5219.95833,8545,30.6,2,0,0
B1819,1,11.4616743,11.89,702,4500.04167,31565,68.3,0,0,0
B1488,0,11.736069,25.77,662,7979.95833,68438,96.2,0,1,1
B1928,0,11.695247,19.33,647,5160,5094,71.7,3,1,0
B1935,1,11.2252434,15.63,747,7680,23860,55.5,1,0,0
B1550,1,12.0725413,17.22,722,7050.04167,72814,56,1,0,0
B1640,1,11.3736634,5.57,697,8519.95833,5742,55.2,0,1,0
B1778,1,10.4631033,9.12,667,2820.04167,2653,49.1,1,0,0
B1987,1,10.3416134,8.32,667,2760.95833,6082,96.5,1,2,0
B1945,1,10.3725532,8.48,782,3390.04167,16,0.3,0,0,0
B1150,1,11.2252434,16.24,682,4140.04167,9950,58.9,3,0,0
B1414,1,9.60238246,5.48,747,2249.95833,1946,6.5,3,0,0
B1989,1,10.1266311,11.04,692,8435.04167,9931,29.6,0,1,0
B1297,1,11.0822041,1.55,697,4380,9743,62.9,1,0,0
B1610,0,11.695247,24.18,697,3900,311616,80.2,3,0,0
B1262,0,10.8197783,13.75,662,3929.95833,10361,90.9,4,0,0
B1623,1,11.2252434,10.48,732,4650,45340,61.5,1,0,0
B1571,1,10.5168607,19.77,677,4559.95833,10679,55.3,1,0,1
B1880,0,9.97580821,21.04,647,1289.04167,2140,28.6,5,1,0
B1896,1,10.0432495,9.5,712,1380.04167,981,25.2,0,0,0
B1303,0,9.39266193,9.9,697,1110,2905,25.5,4,0,0
B1253,1,10.6213274,14.84,722,3390.04167,1451,31.5,0,0,0
B1651,1,10.858999,16.94,762,4949.95833,11467,39.1,0,0,0
B1452,0,11.5327281,23.74,727,8280.04167,203460,60.6,2,0,0
B1036,1,11.1123882,17.7,737,6970.04167,17870,42.8,1,0,0
B1008,1,10.5966347,13.83,662,3869.95833,3163,53.6,2,0,0
B1658,1,11.6613455,13.07,727,10529.9583,33989,82.9,0,0,0
B1207,1,10.5453414,8.72,687,4261.04167,11134,70.9,0,0,0
B1403,0,10.7893191,21.06,727,4259.95833,36089,69.4,4,0,0
B1151,1,10.3417425,20.25,702,1199.95833,2314,32.1,1,0,0
B1053,1,11.0020998,1.72,807,7230,3202,1.1,1,0,0
B1119,1,11.4403548,10.86,717,4080,5257,32.9,1,0,0
B1672,1,9.76972756,20.37,712,2610,5013,68.7,0,0,0
B1919,1,11.0020998,6.76,807,7079.95833,1977,3.3,3,0,0
B1586,1,10.9150885,21.84,722,5520,23302,67.6,2,0,0
B1967,1,11.5129255,23.7,727,5040,30929,65.9,2,0,0
B1419,0,11.2252434,8,677,7230,6909,29.2,4,0,1
B1421,1,10.7144178,1.12,782,5807,1783,0,1,0,0
B1103,0,11.3504065,12.16,707,3600,24364,63.8,4,0,0
B1851,0,11.3504065,9.94,692,1800,7491,29,6,0,0
B1226,1,10.6213274,6.67,742,4470,4561,95,3,0,0
B1111,1,9.61580548,9.36,662,1267.04167,2368,84.6,1,0,0
B1152,0,10.5966347,17.43,727,4559.95833,33,0.1,4,0,1
B1913,1,10.2750511,12.58,762,4110,6011,33.4,0,0,0
B1895,1,11.9183906,2.5,722,7710.04167,23165,31.7,0,2,0
B1877,1,10.3089527,7.96,767,4170.04167,3067,11.9,0,0,0
B1705,1,11.9183906,13.61,672,4830.04167,16473,94.1,2,2,0
B1162,1,11.215597,23.54,707,3840.04167,5732,79.6,3,0,0
B1956,1,10.3089527,1.8,697,3360,2898,42.9,0,0,0
B1680,1,11.0348897,14.4,752,8370,15489,35.4,1,0,0
B1579,1,10.3088193,1.72,702,3450,586,3.6,3,0,0
B1800,1,10.5966347,0.57,687,1860,899,13.2,1,0,0
B1915,0,11.5129255,11.12,682,2580,26435,88.7,4,0,0
B1503,1,11.0821426,13.85,707,2190,10468,52.3,1,0,0
B1194,0,10.3089527,14.09,697,780,1819,26,0,0,0
B1687,1,10.8780472,23.55,757,6330.04167,18350,29.9,0,0,0
B1882,1,10.7623822,9.66,792,9990.04167,444,0.9,3,0,0
B1469,1,10.3734912,14.78,772,4379,4737,23.9,0,0,0
B1374,1,11.5129255,10.51,742,3900.04167,15491,25.4,3,0,0
B1749,1,10.5966347,17.01,752,4349,35944,56.2,2,0,0
B1669,1,11.7280368,16.3,692,13170,62587,77.4,3,0,0
B1037,1,10.8277465,16.07,697,3629.95833,19137,42.5,0,0,0
B1229,0,11.9183906,14.8,672,6511.95833,88223,89.4,4,0,0
B1364,1,11.2772031,9.92,767,3600,1431,4.4,4,0,0
B1437,1,10.9779902,10.14,742,3375,16687,72.6,0,0,0
B1026,1,11.8130301,7.91,747,6316.04167,15864,96.9,1,0,0
B1225,1,11.1844214,21.52,702,3210,18813,53.9,1,0,0
B1283,1,11.3504065,19.23,667,3630,20300,78.7,1,0,0
B1959,1,9.4723969,11.63,0,4140,4996,38.4,3,0,0
B1480,0,11.0020998,13.18,712,1620,9664,63.2,4,0,0
B1828,1,11.3536952,17.58,707,6180,2805,14.6,0,1,0
B1515,1,10.5966347,12,762,7179.04167,15146,24.8,0,0,0
B1048,1,10.9266577,23.72,727,5520.04167,38043,52.6,1,0,0
B1511,1,10.3736162,21.3,692,2252.04167,14629,93.8,1,0,0
B1016,1,10.2399598,24.77,682,3239.95833,86,1.1,0,0,0
B1171,1,10.7144178,19.81,712,3090.04167,9754,61.3,1,0,0
B1157,1,11.5129255,18.91,667,6420.04167,30523,66.2,0,0,0
B1045,1,11.695247,7.72,777,10681.0417,5195,5.4,1,0,0
B1517,1,10.7144178,23.2,662,3608,1498,62.4,1,0,0
B1301,1,11.245046,18.7,747,5639.95833,33660,45,0,0,0
B1180,1,10.3089527,5.04,732,2670.04167,6383,46.6,0,0,0
B1606,1,10.2399598,12.47,662,1349.95833,117,5.3,3,0,0
B1992,0,10.4631033,13.68,642,3900,4207,79.4,4,0,0
B1115,0,10.5050675,4.64,657,7589,4727,89.2,2,0,0
B1190,1,12.4292162,6.89,762,5729.95833,18068,42.7,1,0,0
B1980,1,10.4631033,8.09,677,3720,6194,53.4,0,0,0
B1927,1,11.3850921,8.73,692,5402.04167,19281,89.7,0,0,0
B1982,1,11.0348897,19.24,662,1601.95833,10748,90.3,0,0,0
B1255,0,9.90348755,16.74,717,4350,13218,40.3,4,0,0
B1322,1,11.695247,8.91,792,8129.95833,3706,12.8,1,0,0
B1127,1,11.0821426,11.13,717,5208,16724,41.7,0,0,0
B1017,0,11.1562505,15.99,642,3001,26933,65.2,5,0,0
B1792,1,10.7789563,12.43,682,1950.04167,5027,62.8,1,0,0
B1734,1,10.7789563,20.27,712,4020,6478,35.2,0,0,0
B1569,1,11.2252434,9.81,722,2879.95833,14132,67.6,3,0,0
B1685,1,11.0020998,19.72,732,5070,19500,30.9,0,0,0
B1625,1,10.8395809,8.85,697,3900,4759,21.2,0,0,0
B1287,1,10.4912742,17.4,667,10380.0417,18403,73.3,0,1,0
B1853,0,11.1562505,23.21,677,11820.0417,59023,79.5,5,0,0
B1662,1,9.79812704,18,787,4110.04167,2816,13.2,0,0,0
B1961,1,10.2181523,21.42,677,1890,8817,76,1,0,0
B1638,1,10.858999,8.58,697,3750.04167,9017,39.6,1,0,0
B1154,1,12.0015055,10.2,712,3960,106181,94.1,0,1,0
B1985,1,11.736069,3.35,752,7650,5752,30.3,0,0,0
B1784,1,11.1193494,11.92,682,10890,33115,55.6,1,0,0
B1810,1,11.09741,11.71,737,3780,18277,50.8,1,0,0
B1245,1,10.3089527,5.4,752,2610,5270,24.3,0,0,0
B1175,1,10.9150885,0.65,792,2311.04167,383,8.5,0,0,0
B1038,0,11.2644641,19.34,682,3780.04167,15897,66,5,0,1
B1758,1,10.7144178,18.83,722,3660,21526,55.5,3,0,0
B1537,1,9.21034037,0,727,1110,0,0,0,1,0
B1866,0,10.818177,17.67,657,3690,10221,70,1,0,1
B1817,1,10.2576594,12.29,697,1950.04167,3647,93.5,1,0,0
B1920,1,10.6689554,16.02,752,3779.95833,5410,34.9,3,0,0
B1407,0,11.884489,23.26,707,5700.04167,141967,95.5,1,0,0
B1827,1,10.5966347,13.5,712,5368.95833,6513,34.3,3,0,1
B1902,1,10.5966347,5.13,717,6300,4225,28.9,3,0,1
B1824,1,11.8130301,9.98,682,5760,24810,71.3,3,1,0
B1684,1,12.2010601,8.36,802,11685,144723,3.3,0,0,0
B1019,1,11.1345306,13.1,672,4020,14606,92.4,1,1,0
B1320,1,10.7032445,7.77,767,3870,6301,22.7,1,0,0
B1399,1,11.4616322,18.18,667,5160,15109,77.9,1,0,0
B1653,1,10.2920099,18.1,672,4440,4321,56.5,2,2,0
B1971,0,9.39266193,20.4,697,990,440,11.9,3,0,0
B1470,0,9.99879773,3.22,702,1050.04167,2503,27.5,0,0,0
B1142,0,,22.42,687,9600.04167,2009,19.9,5,0,0
B1353,1,10.3089527,21.48,722,10110,24397,53.4,1,0,0
B1833,1,10.3089527,19.92,672,1800,3211,78.3,2,0,0
B1799,0,11.1844214,15.72,712,4950.04167,3943,43.8,4,0,0
B1958,1,10.9508066,16.21,722,4771,29682,28.4,0,0,0
B1050,1,11.2252434,12.62,702,3929.95833,6424,92.2,1,0,0
B1664,1,10.4912742,10.73,752,13770,8128,27.7,3,0,0
B1697,1,11.4616322,11.52,717,7680,19757,30.1,3,0,0
B1124,1,11.5617156,23.99,687,4949.95833,68479,48.9,0,3,0
B1149,0,10.7144178,18.32,647,1140.04167,6367,80.6,0,0,0
B1341,0,11.4349639,21.91,647,4950,13446,94,3,0,1
B1304,0,11.5711944,5.48,692,3192,43141,62.3,4,0,0
B1837,1,11.6439537,0.45,772,6244.04167,755,1.6,0,0,0
B1443,1,10.9681983,8.23,742,2153,0,0,2,0,0
B1263,1,10.858999,15.65,677,4500.04167,13800,93.2,2,0,0
B1195,1,11.2252434,6.61,667,2709.04167,0,0,1,0,0
B1773,1,11.5798829,17.65,742,9360,81940,35.3,0,0,0
B1876,1,10.3889954,7.83,737,2160,1092,9.9,0,0,0
B1991,1,10.8197783,21.7,687,4619.95833,5800,66.7,2,1,0
B1349,1,10.6454249,1.71,672,2610,1487,45.1,0,0,0
B1046,0,10.9508066,15.07,672,4771,8333,52.7,5,0,1
B1822,1,12.2060727,6.97,777,7829.95833,1719,2.8,2,0,0
B1655,1,11.5129255,18.55,667,4560.04167,34841,89.6,0,0,0
B1268,1,11.5109235,15.64,757,12990.0417,4779,17.1,0,0,0
B1369,1,10.3736162,15.07,762,2460,1152,16.5,0,0,0
B1635,0,11.695247,14.65,732,9990.04167,182274,48.9,0,1,0
B1656,1,10.7144178,5.87,692,1741.95833,5607,42.2,0,0,0
B1830,1,10.6214249,12.99,747,2009.95833,2727,12.8,2,0,0
B1786,0,11.6082356,23.4,717,5430,122620,0,0,0,0
B1603,1,11.5129255,7.93,747,3599.95833,86429,37.8,0,0,0
B1057,1,12.6115378,6.77,717,3870.04167,31244,20.8,3,0,0
B1950,1,10.9852927,18.63,742,5520,25195,24.2,0,0,0
B1740,1,10.7898715,17.48,742,10590,13844,50.3,3,0,0
B1473,0,11.0020998,18.18,677,3423.04167,15301,85,4,0,0
B1116,1,,11.9,682,5190.04167,2496,56.7,3,0,1
B1790,1,11.3896273,24.94,692,4975.95833,27160,65.7,1,0,0
B1126,1,10.4733365,12.52,812,6419.95833,2600,12.3,0,0,0
B1907,1,10.4341158,22.34,712,7470,19034,26.3,1,1,0
B1633,1,10.9077892,9.12,702,3240,1050,44.5,2,0,0
B1512,0,11.3144745,20.96,657,6360.04167,24391,98.4,3,2,0
B1750,1,11.1271453,9.99,767,8190.04167,2475,5.4,1,1,0
B1801,1,11.0020998,12.42,717,2370.04167,31563,40.5,3,0,0
B1117,1,11.695247,7.67,762,6007.04167,21521,29.5,1,0,0
B1559,1,9.79812704,13.8,692,3210,9794,75.9,0,0,0
B1487,1,11.3736634,9.32,722,3749.95833,19827,90.9,0,0,0
B1236,1,10.4127119,18.48,682,2161,7452,73.8,0,0,0
B1884,0,10.0858091,28.15,697,1499.95833,4708,72.4,2,0,0
B1271,1,10.4912742,19.9,672,2550,2610,27.8,1,0,0
B1188,1,11.5327281,18.69,687,7980,22845,69.4,3,0,0
B1998,1,10.7994939,8.67,802,4050,34,0.3,0,0,0
B1703,1,10.9508066,0.32,717,1680.04167,167,3.3,2,0,0
B1446,1,11.5268284,3.19,777,8370,1715,8.2,1,0,0
B1580,1,11.6369114,0.28,797,7020,633,1.1,0,0,0
B1789,0,10.3313663,12.91,667,4079.95833,10442,52.2,15,0,0
B1075,1,11.6676703,15.53,712,2789.95833,26438,48.7,1,0,0
B1153,1,10.4819251,21.57,747,4889.95833,16973,26.4,0,0,0
B1434,1,10.7789563,17.65,687,2070,3761,55.4,2,0,0
B1696,1,11.1562505,17.04,707,2280,2578,25.3,2,0,0
B1284,0,10.6454249,7.86,657,3449.04167,7827,59.7,1,0,0
B1973,1,10.7579029,13.3,702,6060,10083,53.9,1,0,1
B1068,1,10.7472076,16.54,672,3690,2271,87.3,1,1,0
B1093,0,10.3734912,22.95,687,3150.04167,10624,62.9,4,0,0
B1203,0,11.2644641,16.28,732,4740,37879,57,6,0,0
B1911,1,10.6454249,0,772,7529.95833,0,0,6,0,0
B1431,1,11.0821426,20.22,687,5340.04167,16731,96.2,1,0,1
B1340,1,10.5966347,22.23,692,2220,6834,55.1,2,0,0
B1611,1,9.61580548,15.28,707,1290,1545,18.6,1,0,0
B1356,1,11.736069,13.16,772,7320,78059,28.3,0,0,0
B1022,0,10.1658518,4.34,642,1380.04167,6345,77.4,8,0,0
B1761,0,10.2750511,24.08,662,3990,5729,100.5,0,0,0
B1521,1,11.0020998,13.28,682,1710,679,7.4,3,1,0
B1757,1,11.127263,18.23,732,5070,25313,43.4,2,0,0
B1179,1,11.0020998,2.74,667,1126.95833,591,84.4,3,0,0
B1222,0,11.2252434,27.2,677,3900.04167,14273,50.1,2,1,1
B1905,1,10.7536385,12.23,727,2940.95833,1287,7.8,0,0,0
B1324,1,11.3504065,12.9,692,7140.95833,7541,82,2,0,0
B1015,0,10.9150885,3.56,697,1109.95833,5341,24,5,0,0
B1335,1,10.6382564,17.78,717,2520,14610,76.9,0,0,0
B1257,1,11.2252434,10.1,742,5520,73366,61.7,1,0,0
B1689,1,11.2213269,3.53,712,9330.04167,9826,42.7,1,0,1
B1544,1,11.1844214,10.57,687,3365,5634,30.5,0,0,0
B1426,1,10.5505908,10.71,662,4590,3015,82.2,0,0,0
B1834,1,10.9150885,4.65,682,3209.95833,2801,63.7,0,0,0
B1576,0,11.0020998,21.03,662,6600,16140,81.8,13,0,1
B1416,1,10.6454249,5.71,667,1500,8944,57,1,0,0
B1167,1,10.7144178,4.67,662,2849,7209,38.1,1,0,0
B1841,0,8.67299964,5.13,672,930,727,72.7,3,0,0
B1042,1,10.7144178,11.55,682,9420,14731,86.1,0,0,0
B1396,1,11.7752897,10.62,682,3210,12417,77.1,0,0,0
B1011,1,10.1266311,5.09,787,4800,44834,0,0,0,0
B1753,1,10.5966347,4.62,677,2249.95833,7110,58.3,0,0,1
B1848,1,11.9829291,0.2,707,5223.04167,255,0.8,0,1,0
B1089,1,11.0020998,15.86,792,8100,498,0.4,0,0,0
B1604,1,10.7144178,8.43,742,1289.95833,450,1.7,2,0,0
B1969,1,11.3863981,5.32,697,1574,5273,43.6,0,0,1
B1601,0,10.2399598,5.14,677,816.958333,40,3.3,1,0,0
B1417,0,9.90348755,13.38,667,900,3987,97.2,1,0,0
B1114,1,10.1266311,20.02,762,3301,11873,14.7,0,0,0
B1616,1,11.6526874,22.88,737,14009.9583,50282,10.9,0,0,0
B1825,0,,24.54,677,3720,2622,24.3,5,0,0
B1500,0,11.007419,24.29,657,3180,28890,72,1,0,0
B1074,0,12.3327053,15.11,702,5790,229400,94.4,0,0,0
B1412,1,10.6286904,18.19,707,3607,8737,70.5,0,0,0
B1375,1,11.5129255,15.01,687,5130.04167,25853,41.7,0,0,0
B1728,1,11.5711566,15.44,727,7680,61595,51.6,0,0,0
B1760,1,11.1562505,0.26,667,3329.95833,438,4.6,3,0,0
B1675,0,11.407565,11.43,692,3179.95833,29381,45.1,5,0,0
B1393,0,10.7363967,17.82,727,10919.9583,50728,88.4,2,0,0
B1868,1,10.8198583,24.07,687,3030,4305,56.6,3,1,0
B1456,1,11.5129255,18.35,782,5580.04167,6031,5.8,2,0,0
B1688,0,11.05089,10.42,687,6388.95833,7406,58.8,14,0,1
B1547,1,11.9183906,4.8,767,13349.9583,61921,39.1,0,0,0
B1977,1,11.1933448,15.1,762,3870.04167,7937,19.2,3,0,0
B1368,0,10.4487146,7.86,647,5279.95833,7424,73.7,1,0,0
B1694,1,11.1844214,17.65,667,3960,40106,80.4,0,0,0
B1278,1,10.6454249,0.43,817,4979.95833,84,0.5,0,0,0
B1872,1,10.6501755,13.79,747,5970,36646,32.5,0,0,0
B1272,1,11.163368,12.65,742,1950.04167,5238,73.4,0,0,0
B1061,1,11.0572507,10.96,682,4410,20531,85.9,2,0,0
B1595,1,11.1982147,10.22,752,8400,16877,54.4,1,0,0
B1879,0,10.0858091,20.45,687,2011.04167,7946,78.7,4,0,0
B1018,1,10.6197261,17.38,712,3876.04167,18061,78.2,1,0,0
B1176,1,10.5966347,19.32,707,2220.04167,2707,31.5,0,0,0
B1395,1,9.21034037,15.84,677,2070,0,92.3,1,0,0
B1444,0,10.7789563,4.42,707,5130,5684,83.6,5,0,1
B1914,1,11.1561934,18.22,712,4529.95833,24893,69.9,1,0,0
B1264,0,11.2118744,13.83,722,4770,4505,25.3,5,0,0
B1717,1,12.5672375,13.89,727,5190,43922,65.7,2,0,0
B1383,1,10.9508066,20.74,777,6060,59544,26.5,2,0,0
B1850,1,10.7579029,23.69,692,4590,1400,77.8,0,1,1
B1024,1,11.3144745,11.56,667,3630,0,0,1,2,1
B1947,1,11.407565,4.64,797,9720.04167,2347,9.9,0,0,0
B1890,0,10.3313663,16.51,687,2940.04167,4566,49.1,4,0,0
B1468,0,9.95227772,7.6,707,1590,3775,42.4,4,0,0
B1483,1,11.7199396,15.88,722,7442,46336,49.8,2,0,0
B1568,1,10.8780472,13.09,702,4441,1308,6.9,1,0,0
B1108,1,11.407565,22.75,697,5010.04167,42632,45.9,3,0,0
B1692,0,11.9829291,11.27,677,5438,15814,83.2,6,0,0
B1041,1,10.5523693,14.05,707,3929.95833,490,9.6,2,0,0
B1185,1,10.5966347,15.03,757,5610,12361,43.7,0,0,0
B1934,0,10.7789563,18.5,677,1830,7368,82.8,4,0,0
B1132,1,11.088461,21.56,787,5460,3526,7.8,0,0,0
B1732,1,12.0615554,2.44,687,5377,14324,53.4,2,0,0
B1234,0,10.3089527,18.8,647,1950.04167,4587,41,2,0,0
B1842,1,11.3562717,6.27,747,3449.95833,6382,9.4,0,0,0
B1657,1,11.6172855,1.92,702,8730,3421,7.4,1,0,0
B1587,1,11.127263,9.21,742,6480,4434,16.9,0,0,0
B1073,1,10.2608123,6.17,722,2340.04167,4479,99.5,0,0,0
B1953,1,11.0020998,22.57,662,2250,4533,76.8,1,0,0
B1912,1,11.2772031,15.21,727,4979.95833,2801,6.7,0,1,0
B1518,1,11.7981044,1.72,772,9990.04167,10583,16.9,2,0,0
B1173,1,10.3185148,2.5,697,4800.04167,2077,64.9,2,2,0
B1652,1,10.3089527,9.48,737,3810.04167,4105,57.8,0,0,0
B1169,1,11.5479064,15.02,672,7320,15899,16.6,3,0,0
B1193,0,10.3889954,18.37,657,3720,1935,77.4,2,0,0
B1516,0,10.6454249,6.83,707,10410.0417,8044,30.7,8,0,0
B1028,1,11.6082356,10.37,662,3360,14517,91.3,2,0,1
B1164,0,11.6082356,5.05,707,6029.95833,15433,39.3,6,0,1
B1338,1,11.5617156,9.71,717,8446,31280,51.2,1,0,0
B1495,1,10.3859137,16.3,662,3616,0,0,0,1,0
B1832,1,11.0821426,7.74,707,3509.04167,20762,48.5,2,0,0
B1499,1,10.2399598,12.13,717,1890,12593,33.3,1,0,0
B1326,1,11.6082356,1.07,762,4290.04167,3889,18.3,0,0,0
B1300,1,10.4341158,24.49,722,4050,8016,49.8,0,0,0
B1131,1,11.9183906,5.84,792,5364.95833,37152,3.7,0,0,0
B1803,1,10.7789563,10.35,757,5519.95833,2108,10.9,1,0,0
B1069,1,10.7363967,23.77,717,5309.04167,14685,89.8,0,0,0
B1181,1,11.0020998,10.18,752,10020.0417,17028,11.7,1,0,0
B1090,1,11.5129255,20.5,702,3750.04167,26669,62.3,2,0,0
B1713,1,11.7440372,11.86,677,4619.95833,20685,72.9,1,1,0
B1530,0,10.5186732,22.25,647,4440,276,92,6,0,1
B1125,1,11.1844214,16.3,667,3600,16242,95.5,0,0,0
B1450,1,10.858999,16.43,777,8910.04167,89277,11.6,1,0,0
B1172,1,10.9150885,17.72,712,3705,21470,85.5,0,0,0
B1894,1,10.7254676,23.26,687,6570,14902,87.7,0,0,0
B1360,1,10.6188853,24.47,697,5309.95833,37864,98.3,0,1,0
B1000,1,12.1007121,7.26,772,13830,22141,15.2,1,0,0
B1507,0,11.5129255,18.89,652,2460.04167,66900,94,7,0,0
B1408,1,9.99879773,10.36,662,1830,2176,53.1,1,0,0
B1823,1,11.2252434,16.32,662,3929.95833,12944,65,3,0,0
B1933,1,10.858999,9.74,712,4859.04167,25852,60.5,0,0,0
B1133,1,10.5965347,16.89,662,3809.95833,15586,83.3,0,0,0
B1814,1,11.3504065,8.6,672,5220,9132,36.5,2,0,0
B1148,1,10.6454249,10.6,692,3090.04167,1878,81.7,1,0,0
B1079,1,11.3223701,1.42,747,2670.04167,4399,18.4,0,0,0
B1885,1,11.7117763,14.72,727,3900,73534,31.6,2,0,0
B1212,1,11.7479976,11.43,687,5310,11043,55.8,0,2,0
B1228,1,10.6689554,14.93,717,4410,49,3.3,2,0,0
B1531,1,10.5186732,18.49,707,2460,5124,51.2,2,0,0
B1440,1,11.2252434,22.45,732,4410,11194,32.9,3,0,0
B1525,1,10.9747286,5.24,667,4980,5073,50,2,0,0
B1970,1,10.4042628,10.76,747,3300,433,7.3,0,0,0
B1329,1,11.5617156,14.09,777,3960,3272,5.8,3,0,0
B1783,1,11.2252434,10.34,697,2669.04167,23391,90.7,1,0,0
B1357,1,10.2035921,9.51,692,1619.95833,47,0.5,3,1,0
B1667,1,11.1124479,13.65,687,6510,11325,43.9,1,0,0
B1007,1,12.0137008,17.43,732,4350,114393,46.6,2,0,0
B1177,1,11.2061285,10.29,707,1531,12560,53,0,0,0
B1539,1,11.2842667,7.81,692,3780.04167,10750,47.1,0,0,0
B1731,1,12.037654,4.76,662,3300,7044,61.8,1,0,0
B1739,1,11.5028751,21.9,712,3030.04167,6809,42.3,3,0,0
B1922,0,12.3883942,13.86,697,4470.04167,219250,91.8,1,0,0
B1501,1,11.7199396,5.84,662,6210,13363,99,1,1,0
B1144,0,11.8473957,10.85,687,4619.95833,79395,73.8,6,0,0
B1723,1,10.9150157,8.66,707,1530,5337,56.2,0,0,0
B1924,1,10.7449254,13.76,692,4334,18546,94.1,0,0,0
B1908,1,,3.75,742,3450.04167,883,13.8,1,0,0
B1557,1,11.2897819,9.81,727,3239.95833,18654,54.1,3,0,0
B1593,0,9.79812704,10.33,682,2910,6646,100.7,1,0,0
B1708,1,10.6690484,12.7,667,3719.95833,1953,57.4,2,1,0
B1449,0,11.4616322,18.38,0,5100,148540,74,1,0,0
B1009,1,10.9681983,19.31,697,6450,13660,79,1,0,0
B1250,1,10.4222814,11.36,682,2879.95833,10908,92.4,1,0,0