borrower_id,credit_policy,log_annual_inc,dti,fico,days_with_cr_line,revol_bal,revol_util,inq_last_6mths,delinq_2yrs,pub_rec
B1102,0,10.59663473,14.52,657,3810.0,8545,82.2,3,0,0
B1435,1,11.15625052,10.89,732,3600.0,15942,40.9,3,0,0
B1860,1,10.34817337,13.73,692,2069.958333,14154,85.8,0,0,0
B1270,0,11.00209984,28.16,672,6480.041667,7846,25.8,4,1,0
B1106,1,11.12732181,3.99,702,5040.0,468,7.2,1,1,0
B1071,1,10.04324949,21.23,687,2760.041667,6867,41.6,0,0,0
B1700,1,10.87804719,13.09,737,2280.041667,3706,11.2,1,0,0
B1020,1,10.99851024,17.58,722,3030.041667,6908,32.0,2,0,0
B1614,0,11.28978191,16.84,697,3570.041667,13948,39.0,4,1,0
B1121,1,11.15625052,8.16,697,3480.041667,3153,28.9,2,0,0
B1466,1,10.30895266,15.44,677,3690.0,3971,58.4,0,0,0
B1214,1,10.71441777,1.79,682,1230.041667,1298,81.1,0,0,0
B1330,1,10.6454249,20.91,697,3240.958333,973,48.6,3,0,0
B1458,1,11.16902571,17.69,697,5639.958333,25700,92.2,0,0,0
B1087,0,9.903487553,12.9,697,4169.958333,13660,66.0,4,0,0
B1372,1,10.51867319,7.91,682,4049.958333,8748,85.8,1,0,0
B1099,1,11.09358453,4.89,757,4620.0,6055,31.9,0,0,0
B1871,1,10.3809632,15.63,707,14879.95833,14489,89.4,0,0,0
B1663,1,10.59653473,0.3,747,1649.958333,1127,11.7,0,0,0
B1130,1,11.49272276,8.52,662,4380.0,31961,87.9,1,0,0
B1661,1,10.20359214,5.38,752,4350.0,5959,70.9,0,0,0
B1308,1,10.77895629,8.82,722,3239.958333,3688,32.1,0,0,0
B1769,1,11.56171563,23.9,707,7500.0,70432,89.3,0,0,0
B1343,1,9.998615898,15.44,687,4573.041667,4806,27.2,0,0,0
B1491,1,10.27394705,23.12,707,2490.0,7058,94.3,3,0,0
B1413,0,11.58058411,15.88,687,1259.041667,12154,29.4,5,0,0
B1805,1,10.91508846,10.82,697,7949.958333,405,6.2,1,0,0
B1385,0,11.51288546,15.29,707,3060.0,6386,24.2,4,0,0
B1191,1,10.8077057,10.91,667,2040.041667,6241,21.0,3,0,0
B1955,1,9.94251594,5.02,687,1205.0,1889,43.9,2,0,0
B1276,1,11.49272276,16.4,697,4350.0,30993,71.2,0,0,0
B1160,1,11.00209984,20.74,742,6692.0,24030,82.9,3,0,0
B1459,0,10.59663473,3.09,677,1291.958333,3127,104.2,0,0,0
B1313,1,11.69524702,11.7,667,7027.041667,18131,81.1,3,0,0
B1021,1,11.47210347,18.46,682,11490.0,39502,87.6,0,0,0
B1252,1,10.71894086,21.48,742,3708.0,2529,11.7,1,0,0
B1747,0,12.07254125,14.78,667,7530.0,84355,95.9,4,0,0
B1856,1,10.46310334,10.8,732,3810.041667,10631,36.9,3,0,0
B1560,1,11.22524339,11.31,777,3000.041667,1126,7.9,0,0,0
B1474,0,11.39751461,18.36,727,12599.95833,25076,57.7,4,0,0
B1058,1,10.46561447,11.01,757,8579.958333,13819,36.9,0,0,0
B1510,1,10.7342204,20.94,727,3210.0,4902,47.1,0,0,0
B1681,1,10.87804719,14.08,707,3809.958333,12053,87.3,3,0,0
B1475,1,10.858999,23.12,687,3627.0,13882,69.4,0,0,0
B1699,1,10.96819829,4.43,697,11790.0,8652,50.3,1,0,1
B1975,1,10.24313332,17.63,677,2550.0,7474,35.8,2,1,0
B1782,1,10.86969163,13.11,727,4085.0,16194,39.8,1,0,0
B1189,1,10.49127422,8.3,687,2280.041667,8989,36.2,0,0,0
B1957,1,10.30895266,10.84,677,2670.0,3962,56.6,1,0,0
B1686,0,8.862483576,2.38,642,3972.0,469,93.8,0,1,0
B1562,0,10.91508846,23.04,687,4079.958333,17568,66.0,4,0,0
B1875,1,10.81977828,20.45,707,5820.0,11781,58.9,2,0,0
B1566,1,10.77895629,20.6,662,4110.041667,10441,50.7,2,2,0
B1243,1,10.55841352,17.86,737,2670.041667,0,0.0,1,0,0
B1831,1,9.505990614,2.05,717,3090.0,1554,23.9,2,0,0
B1504,1,8.476371197,13.75,702,2580.0,0,36.5,0,0,0
B1484,1,10.49127422,8.93,692,2940.041667,13568,75.4,3,0,0
B1818,1,10.23995979,14.57,702,2490.0,12979,31.0,0,0,0
B1646,0,10.71441777,0.67,702,2977.0,339,11.7,6,0,0
B1840,1,10.64875269,11.33,737,3450.0,13421,67.4,0,0,0
B1166,1,10.71441777,17.89,697,2970.041667,11585,49.1,0,0,0
B1273,1,10.59663473,14.79,762,2611.0,1357,7.1,0,0,0
B1387,1,10.7538359,6.38,772,1440.0,233,6.7,0,0,0
B1600,1,10.30895266,6.44,677,5040.0,5464,86.7,1,0,0
B1315,1,9.798127037,23.53,707,1920.041667,12231,86.1,0,0,0
B1013,1,10.62132735,11.41,742,1260.041667,2246,16.9,0,0,0
B1241,1,11.1844214,13.8,747,4229.958333,15968,28.6,4,0,0
B1776,1,9.574983486,0.0,662,1800.0,0,0.0,0,4,0
B1345,0,10.59663473,3.39,677,630.0,4152,62.9,2,0,0
B1564,1,10.59663473,14.88,757,6150.0,15280,56.2,0,0,0
B1897,1,10.59663473,18.24,712,5009.958333,15955,70.9,1,0,0
B1339,1,11.28978191,11.13,752,3600.0,7268,24.9,1,0,0
B1091,0,12.61153775,3.76,717,5700.041667,95564,82.2,5,0,0
B1366,1,10.59663473,21.36,732,4920.041667,22026,65.9,1,0,0
B1454,1,10.727663,0.26,782,5399.958333,0,0.0,3,0,0
B1427,1,10.23981692,22.72,702,2939.958333,3972,37.8,1,0,0
B1508,1,11.28978191,17.16,697,4950.0,22630,53.9,1,0,0
B1775,0,9.392661929,19.3,667,5668.958333,2545,14.4,4,1,0
B1942,1,11.31812639,0.58,762,1499.958333,849,1.9,0,0,0
B1034,1,11.32215229,11.91,702,3779.958333,2015,31.0,1,0,0
B1205,1,11.00209984,22.06,697,2220.0,13932,71.8,0,0,0
B1080,0,10.6454249,0.29,727,570.0,305,8.0,2,0,0
B1931,1,10.30895266,19.08,667,3300.041667,2603,44.1,3,0,0
B1561,1,10.6454249,15.29,692,5219.958333,5826,31.5,0,1,0
B1001,1,9.705036614,12.29,727,1830.0,7901,44.4,2,0,0
B1389,0,10.96819829,8.23,687,2790.041667,1514,13.8,5,0,0
B1565,1,11.39526742,5.66,702,5970.0,8950,31.1,2,0,0
B1105,0,10.46310334,8.4,692,5161.0,3037,66.0,7,0,1
B1771,1,10.59663473,12.42,767,4478.041667,739,2.1,1,0,0
B1821,0,9.392661929,17.1,632,1199.041667,7587,97.3,0,0,0
B1476,1,11.55214618,8.75,707,6600.0,5199,12.5,1,1,0
B1702,0,10.49127422,22.13,667,2940.0,37617,89.4,0,0,0
B1401,1,10.16585182,11.77,662,1170.041667,12597,63.0,1,0,0
B1729,0,10.89673933,9.98,642,3450.0,18865,60.8,0,0,0
B1555,1,11.27720313,0.5,782,7622.0,33,0.2,2,0,0
B1161,1,10.70324447,29.15,752,4529.958333,5171,44.2,1,0,0
B1201,0,11.69524702,4.0,742,4080.0,0,22.1,6,0,0
B1995,1,11.38509209,13.28,727,5836.0,12672,21.0,3,3,0
B1269,1,10.46310334,16.15,697,4204.0,14852,79.4,0,0,0
B1862,1,10.75363848,2.87,782,6630.0,6049,19.1,0,0,0
B1815,0,11.39863632,3.63,732,5549.958333,15306,51.2,7,0,0
B1455,1,10.71441777,24.91,687,3899.958333,15134,74.6,0,0,0
B1461,1,11.35040654,8.1,712,2699.958333,33667,73.2,1,0,0
B1726,1,11.09741002,21.07,722,4769.958333,18136,44.7,0,0,0
B1251,1,10.15019137,8.25,767,1860.0,72,2.8,1,0,0
B1701,1,9.687816016,10.57,722,1710.0,5308,40.2,0,0,0
B1295,1,11.22524339,20.86,767,7950.041667,38511,22.9,2,0,0
B1724,0,11.28978191,23.41,677,9119.958333,81089,86.8,0,1,2
B1719,1,11.00209984,13.72,717,9450.0,6577,15.8,2,0,0
B1748,1,11.1844214,9.32,737,3669.0,22636,67.6,0,0,0
B1337,0,10.23995979,19.54,667,3960.041667,13542,56.4,5,1,0
B1878,1,11.54248427,16.9,687,7620.0,66520,91.1,0,0,0
B1052,1,11.11542853,15.5,707,2370.041667,12569,46.2,0,0,0
B1791,1,10.74281084,5.94,707,4379.958333,8134,80.2,0,0,0
B1921,0,11.7905572,11.74,707,2220.041667,20794,57.1,7,0,0
B1216,1,10.40426284,8.25,687,6635.0,5745,18.4,2,1,0
B1763,1,11.79539397,17.68,682,11340.0,55045,85.2,0,1,0
B1187,0,10.89858946,14.91,667,6122.041667,26814,57.7,5,5,0
B1379,1,10.71441777,11.31,727,2730.0,14571,59.5,0,0,0
B1492,1,10.95080655,9.62,772,5969.958333,57033,29.8,0,0,0
B1040,1,11.6351431,6.02,727,6719.958333,13610,43.1,0,0,0
B1156,1,11.73606902,2.14,762,8370.0,21050,1.0,0,0,0
B1014,1,9.852867716,5.24,662,3360.041667,1418,28.9,2,0,0
B1812,1,10.55581274,9.69,662,1290.041667,12863,37.9,1,0,0
B1064,1,10.16554408,14.82,717,4169.958333,1059,11.1,0,0,0
B1838,1,10.98529272,11.69,692,2069.958333,7133,63.7,1,0,0
B1520,1,11.00209984,15.7,742,5460.0,34679,57.6,0,0,0
B1128,1,10.05173513,16.76,667,2820.0,4013,66.9,0,0,0
B1647,1,9.967588478,17.61,687,3209.958333,10948,96.9,0,0,0
B1471,1,11.44035477,2.71,717,6138.041667,9612,41.1,3,0,0
B1062,1,11.15625052,16.82,747,6780.041667,19388,19.8,0,0,0
B1138,1,10.54534144,10.33,667,2235.041667,5124,35.3,1,2,0
B1498,0,10.77895629,0.72,712,2910.0,3987,99.9,5,0,0
B1592,1,10.71441777,16.24,792,4020.0,18830,52.0,0,0,0
B1391,0,11.75981679,20.61,717,8730.0,54294,72.4,4,0,0
B1674,1,11.51588109,11.13,697,4921.041667,9935,16.5,0,0,0
B1418,1,11.14186178,0.2,762,7260.0,2153,23.2,0,0,0
B1288,1,10.81977828,20.83,692,1470.0,10634,57.5,2,0,0
B1378,1,10.81977828,20.59,662,1680.0,19056,69.0,0,0,0
B1772,1,11.42566678,12.44,682,5700.0,7945,41.4,2,0,0
B1489,0,12.34583459,10.12,687,4170.041667,13925,55.5,5,2,0
B1230,0,10.77895629,3.8,657,3389.958333,4554,44.6,0,0,0
B1027,1,11.21182037,12.65,707,3064.041667,1756,31.4,1,0,0
B1134,0,9.903487553,18.36,677,665.0,661,44.1,4,0,0
B1200,0,10.57704408,13.19,677,869.9583333,634,42.3,3,0,0
B1839,0,11.76998337,17.4,757,8760.0,230420,33.8,0,0,0
B1779,1,11.28978191,9.67,742,3479.958333,254,1.1,6,0,0
B1929,1,11.22524339,11.25,747,7290.0,13816,23.7,6,0,0
B1032,1,10.30895266,17.76,732,1950.041667,312,3.6,1,0,0
B1047,1,11.46167427,7.01,717,12060.0,10147,31.7,3,0,0
B1502,0,11.65442503,1.0,802,6750.041667,0,5.0,5,0,0
B1406,1,11.77528973,5.18,707,4110.041667,26652,80.5,2,0,0
B1573,1,11.35035948,20.44,672,5490.0,28511,56.7,1,0,0
B1727,1,11.26446411,15.51,687,8580.0,19367,49.9,2,0,0
B1804,1,12.20609265,10.93,742,7020.0,79062,50.8,0,0,0
B1098,1,11.40756495,12.15,757,3779.958333,5948,56.6,0,0,0
B1683,1,11.35040654,19.48,737,5639.958333,28854,52.1,0,0,0
B1725,0,10.77895629,19.63,657,4379.958333,45076,56.8,6,0,0
B1986,1,10.16585182,9.14,762,6752.041667,507,3.5,0,0,0
B1546,1,11.35040654,19.82,742,5790.0,36112,71.2,3,0,0
B1960,0,11.04132055,19.25,707,5940.0,12177,75.6,5,0,0
B1738,1,10.72317927,14.7,682,3060.041667,6474,93.8,1,0,0
B1612,1,11.56171563,20.33,762,5340.0,18590,22.2,0,0,0
B1642,1,10.81977828,19.2,667,4264.958333,9625,49.1,2,0,0
B1768,1,11.00209984,22.38,697,4289.958333,42430,81.8,0,0,0
B1004,1,10.91501573,21.41,727,3900.041667,17102,73.1,1,0,0
B1217,1,11.74403719,17.14,682,8369.958333,46226,97.9,1,0,0
B1766,1,11.23848862,15.28,667,3869.958333,15578,91.1,0,0,0
B1397,1,11.40756495,4.88,737,8939.958333,13253,20.2,1,0,0
B1870,1,10.52942598,10.3,747,2160.958333,543,0.9,6,0,0
B1794,1,10.54534144,4.8,702,4410.0,768,5.6,0,0,0
B1392,1,10.30895266,5.4,717,6360.958333,6291,81.7,1,0,0
B1206,1,10.81977828,24.53,727,2430.041667,20371,65.4,0,0,0
B1857,0,10.91508846,18.98,717,5254.0,2725,38.9,7,0,1
B1553,1,10.16585182,10.85,682,1620.041667,9106,52.6,0,0,0
B1891,1,9.546812609,0.86,757,1772.0,185,1.7,1,0,0
B1460,1,10.78931908,16.7,712,2430.0,5198,41.6,2,0,0
B1690,0,9.574983486,0.0,757,300.0,0,0.0,0,0,0
B1574,1,11.15625052,0.26,762,4379.958333,186,0.7,2,0,0
B1863,1,11.76107378,4.48,757,6198.0,5615,8.9,0,0,0
B1742,1,11.51292546,17.24,702,4170.041667,30438,79.4,0,0,0
B1240,0,11.03495418,14.36,647,2490.041667,7897,28.7,6,1,0
B1563,1,10.49127422,22.47,737,4020.0,19796,30.1,1,0,0
B1095,1,10.46310334,0.0,772,6809.958333,1238,7.3,0,1,0
B1899,0,10.69194491,23.62,702,3780.041667,6255,56.9,5,2,0
B1733,1,11.00209984,1.28,702,1290.041667,4980,55.3,1,0,0
B1654,1,10.1266311,18.82,712,2850.0,10579,47.2,1,0,0
B1170,1,11.20504069,22.32,727,11340.0,33980,74.7,0,0,0
B1540,1,10.08580911,10.1,782,5400.0,1458,18.0,1,0,0
B1035,0,11.15625052,0.26,687,344.9583333,1169,48.7,0,0,0
B1524,1,10.81977828,7.8,742,3720.0,5749,33.8,0,0,0
B1159,1,10.46310334,23.07,707,1499.958333,7828,23.9,2,0,0
B1698,0,10.75907241,29.74,662,4500.0,2663,20.3,0,1,0
B1242,1,10.95080655,22.76,712,4650.0,8939,74.5,0,0,0
B1085,1,10.95109493,14.77,722,5280.0,9107,93.9,0,0,0
B1795,1,9.487972109,9.73,727,1559.958333,6282,44.6,0,0,0
B1577,1,10.77895629,0.85,712,5190.041667,797,31.9,0,0,1
B1556,0,11.28978191,19.2,692,5639.958333,40407,63.5,6,0,0
B1952,0,9.878169745,0.92,692,360.0,362,25.9,0,0,0
B1645,0,11.69524702,19.02,667,6390.041667,121719,60.0,5,0,0
B1619,1,12.32385568,12.7,727,9000.0,121563,26.6,1,0,0
B1797,1,11.65507586,10.12,687,4979.958333,34842,95.5,0,0,0
B1639,0,10.18111929,13.55,687,4109.041667,40091,33.2,0,0,0
B1505,0,10.65112292,2.22,662,450.0,689,68.9,0,0,0
B1347,0,10.30895266,0.4,672,1590.0,174,9.2,7,1,0
B1472,1,11.37779279,20.95,702,6630.0,31518,93.2,0,0,0
B1224,1,10.1266311,9.79,692,6721.0,6355,65.5,1,0,0
B1384,1,11.15625052,17.04,667,5580.958333,22875,86.0,0,0,0
B1376,1,10.77895629,23.55,712,1890.0,4659,41.6,0,0,0
B1282,1,11.35040654,6.38,667,7229.958333,1196,12.0,3,4,0
B1632,0,11.60823564,16.2,737,12209.95833,144217,12.0,0,1,0
B1627,1,11.15625052,10.2,672,3598.958333,26283,39.5,0,1,0
B1972,1,10.11050172,9.95,752,5167.0,8522,21.7,1,0,0
B1744,1,10.71441777,7.92,757,8640.041667,8647,26.2,1,0,0
B1258,1,11.03488966,10.35,702,1829.958333,17499,60.0,0,0,0
B1358,1,11.14186178,7.1,732,3180.0,18831,48.5,1,0,0
B1709,1,12.20607265,3.72,812,6778.958333,85607,0.7,0,0,0
B1410,1,10.59653473,4.71,772,2130.0,229,2.6,0,0,0
B1648,0,10.42228135,17.18,662,1500.0,4339,11.6,4,0,0
B1317,1,10.30895266,18.6,667,4980.041667,9092,68.4,1,0,0
B1676,1,11.91839057,7.01,727,4778.0,17161,26.0,1,1,0
B1233,1,10.46310334,1.03,727,1230.041667,1834,12.8,1,0,0
B1974,0,11.00209984,21.34,642,5880.0,25254,53.1,24,0,0
B1826,0,10.49127422,0.6,727,570.0416667,596,29.8,0,0,0
B1373,1,11.35040654,0.31,787,3540.0,216,0.6,0,0,0
B1671,1,11.35040654,0.17,777,6570.0,2994,9.5,0,0,0
B1607,1,10.63585545,22.36,677,5580.0,12785,77.2,2,0,0
B1232,1,11.48246626,2.09,717,4590.041667,5652,22.3,0,0,0
B1691,1,11.16336799,17.11,727,3450.0,8952,22.3,1,0,0
B1112,1,10.51325312,16.24,697,4919.958333,3382,36.1,0,0,0
B1829,1,11.11346857,1.81,777,7199.958333,4814,23.5,0,0,0
B1496,1,10.45737267,5.93,667,5820.0,11670,81.6,1,0,1
B1441,0,12.76568843,11.38,717,8520.041667,1207359,56.0,7,0,0
B1267,1,10.58405595,1.12,682,3990.0,1536,15.8,1,0,0
B1509,1,11.91839057,0.7,812,11702.0,346,0.7,0,0,0
B1806,1,10.55581274,24.5,717,4500.041667,14438,62.2,0,0,0
B1386,1,11.19766662,14.97,732,6360.041667,11961,17.1,2,0,0
B1624,1,10.81977828,6.0,672,5009.958333,9814,59.5,1,0,1
B1951,1,11.08214255,16.25,722,4049.958333,15923,56.3,0,0,0
B1641,1,11.1844214,15.45,662,2614.0,9317,61.7,2,0,0
B1219,1,11.58988651,11.56,667,4649.958333,13706,45.7,1,1,0
B1854,0,11.51292546,24.79,662,7621.0,41190,75.2,4,0,0
B1996,1,10.46321762,19.61,717,4439.958333,213,7.1,1,0,1
B1735,0,9.903487553,10.0,712,1139.0,0,10.7,4,0,0
B1402,1,10.71441777,0.0,782,4500.041667,0,0.0,3,0,0
B1637,1,11.56171563,3.69,757,1679.958333,1470,14.7,0,0,0
B1129,1,10.57821615,17.2,667,1410.0,4863,69.5,0,1,0
B1415,1,11.42954386,7.63,692,1979.958333,752,2.5,2,2,0
B1246,1,10.91508846,13.16,707,13681.0,9030,37.5,2,0,0
B1835,1,11.65268741,14.01,687,7770.0,7915,38.4,2,0,0
B1438,1,11.22524339,18.67,732,5700.0,7849,40.5,1,0,0
B1202,1,11.6351431,3.94,662,4530.041667,31852,80.6,3,1,0
B1183,1,11.35040654,9.15,787,7469.958333,9825,24.3,0,0,0
B1122,1,14.12446477,0.62,782,4709.958333,20,0.1,2,0,0
B1400,0,10.66895539,4.19,682,630.0,58,7.2,1,0,0
B1293,1,10.59653473,16.29,667,2729.958333,14244,85.8,2,0,0
B1279,1,10.51867319,20.04,737,3871.041667,15460,60.6,0,0,0
B1836,1,11.00429742,8.94,682,2400.041667,14917,64.3,0,0,0
B1883,1,10.32127641,10.19,692,2940.0,20167,89.6,0,0,0
B1609,1,11.73606902,7.05,782,5640.041667,16931,34.6,1,0,0
B1197,1,9.680344001,19.2,697,1949.958333,7155,38.3,1,0,0
B1981,1,11.23537852,11.4,677,3510.0,457,18.0,0,0,0
B1906,1,10.47678644,17.28,672,3519.0,6547,56.9,0,0,0
B1751,1,10.46310334,13.92,712,1770.0,800,15.1,0,0,0
B1143,1,10.91508846,2.62,742,1537.958333,4109,23.2,0,0,0
B1608,1,11.77535127,1.68,777,5352.958333,6638,40.7,0,0,0
B1123,1,11.75978554,19.28,702,11309.95833,16146,54.4,3,0,0
B1186,1,10.59653473,8.55,672,4620.041667,3469,56.9,1,0,1
B1325,0,12.3883942,13.13,692,5889.0,394107,77.6,0,0,0
B1463,0,10.08580911,1.15,732,1230.041667,972,11.3,5,0,0
B1348,1,10.49460201,14.45,707,1621.041667,4551,25.3,0,0,0
B1770,0,11.53272809,17.21,697,5520.0,184938,47.3,1,0,1
B1659,1,9.85198371,17.94,737,7262.0,8962,40.7,1,0,0
B1954,1,11.60823564,16.27,762,4793.0,12311,24.9,2,0,0
B1962,0,9.998797732,15.44,647,1500.0,7872,66.2,1,2,0
B1146,1,10.50232405,1.75,682,1860.0,3867,32.5,2,0,0
B1147,1,10.37349118,22.09,702,2945.0,14166,81.4,0,0,0
B1710,1,11.9512062,7.43,662,5219.958333,8545,30.6,2,0,0
B1819,1,11.46167427,11.89,702,4500.041667,31565,68.3,0,0,0
B1488,0,11.73606902,25.77,662,7979.958333,68438,96.2,0,1,1
B1928,0,11.69524702,19.33,647,5160.0,5094,71.7,3,1,0
B1935,1,11.22524339,15.63,747,7680.0,23860,55.5,1,0,0
B1550,1,12.07254125,17.22,722,7050.041667,72814,56.0,1,0,0
B1640,1,11.3736634,5.57,697,8519.958333,5742,55.2,0,1,0
B1778,1,10.46310334,9.12,667,2820.041667,2653,49.1,1,0,0
B1987,1,10.34161344,8.32,667,2760.958333,6082,96.5,1,2,0
B1945,1,10.37255324,8.48,782,3390.041667,16,0.3,0,0,0
B1150,1,11.22524339,16.24,682,4140.041667,9950,58.9,3,0,0
B1414,1,9.60238246,5.48,747,2249.958333,1946,6.5,3,0,0
B1989,1,10.1266311,11.04,692,8435.041667,9931,29.6,0,1,0
B1297,1,11.08220409,1.55,697,4380.0,9743,62.9,1,0,0
B1610,0,11.69524702,24.18,697,3900.0,311616,80.2,3,0,0
B1262,0,10.81977828,13.75,662,3929.958333,10361,90.9,4,0,0
B1623,1,11.22524339,10.48,732,4650.0,45340,61.5,1,0,0
B1571,1,10.51686074,19.77,677,4559.958333,10679,55.3,1,0,1
B1880,0,9.975808214,21.04,647,1289.041667,2140,28.6,5,1,0
B1896,1,10.04324949,9.5,712,1380.041667,981,25.2,0,0,0
B1303,0,9.392661929,9.9,697,1110.0,2905,25.5,4,0,0
B1253,1,10.62132735,14.84,722,3390.041667,1451,31.5,0,0,0
B1651,1,10.858999,16.94,762,4949.958333,11467,39.1,0,0,0
B1452,0,11.53272809,23.74,727,8280.041667,203460,60.6,2,0,0
B1036,1,11.1123882,17.7,737,6970.041667,17870,42.8,1,0,0
B1008,1,10.59663473,13.83,662,3869.958333,3163,53.6,2,0,0
B1658,1,11.66134547,13.07,727,10529.95833,33989,82.9,0,0,0
B1207,1,10.54534144,8.72,687,4261.041667,11134,70.9,0,0,0
B1403,0,10.78931908,21.06,727,4259.958333,36089,69.4,4,0,0
B1151,1,10.34174248,20.25,702,1199.958333,2314,32.1,1,0,0
B1053,1,11.00209984,1.72,807,7230.0,3202,1.1,1,0,0
B1119,1,11.44035477,10.86,717,4080.0,5257,32.9,1,0,0
B1672,1,9.769727562,20.37,712,2610.0,5013,68.7,0,0,0
B1919,1,11.00209984,6.76,807,7079.958333,1977,3.3,3,0,0
B1586,1,10.91508846,21.84,722,5520.0,23302,67.6,2,0,0
B1967,1,11.51292546,23.7,727,5040.0,30929,65.9,2,0,0
B1419,0,11.22524339,8.0,677,7230.0,6909,29.2,4,0,1
B1421,1,10.71441777,1.12,782,5807.0,1783,0.0,1,0,0
B1103,0,11.35040654,12.16,707,3600.0,24364,63.8,4,0,0
B1851,0,11.35040654,9.94,692,1800.0,7491,29.0,6,0,0
B1226,1,10.62132735,6.67,742,4470.0,4561,95.0,3,0,0
B1111,1,9.61580548,9.36,662,1267.041667,2368,84.6,1,0,0
B1152,0,10.59663473,17.43,727,4559.958333,33,0.1,4,0,1
B1913,1,10.27505111,12.58,762,4110.0,6011,33.4,0,0,0
B1895,1,11.91839057,2.5,722,7710.041667,23165,31.7,0,2,0
B1877,1,10.30895266,7.96,767,4170.041667,3067,11.9,0,0,0
B1705,1,11.91839057,13.61,672,4830.041667,16473,94.1,2,2,0
B1162,1,11.21559702,23.54,707,3840.041667,5732,79.6,3,0,0
B1956,1,10.30895266,1.8,697,3360.0,2898,42.9,0,0,0
B1680,1,11.03488966,14.4,752,8370.0,15489,35.4,1,0,0
B1579,1,10.30881932,1.72,702,3450.0,586,3.6,3,0,0
B1800,1,10.59663473,0.57,687,1860.0,899,13.2,1,0,0
B1915,0,11.51292546,11.12,682,2580.0,26435,88.7,4,0,0
B1503,1,11.08214255,13.85,707,2190.0,10468,52.3,1,0,0
B1194,0,10.30895266,14.09,697,780.0,1819,26.0,0,0,0
B1687,1,10.87804719,23.55,757,6330.041667,18350,29.9,0,0,0
B1882,1,10.7623822,9.66,792,9990.041667,444,0.9,3,0,0
B1469,1,10.37349118,14.78,772,4379.0,4737,23.9,0,0,0
B1374,1,11.51292546,10.51,742,3900.041667,15491,25.4,3,0,0
B1749,1,10.59663473,17.01,752,4349.0,35944,56.2,2,0,0
B1669,1,11.72803684,16.3,692,13170.0,62587,77.4,3,0,0
B1037,1,10.82774645,16.07,697,3629.958333,19137,42.5,0,0,0
B1229,0,11.91839057,14.8,672,6511.958333,88223,89.4,4,0,0
B1364,1,11.27720313,9.92,767,3600.0,1431,4.4,4,0,0
B1437,1,10.97799019,10.14,742,3375.0,16687,72.6,0,0,0
B1026,1,11.81303006,7.91,747,6316.041667,15864,96.9,1,0,0
B1225,1,11.1844214,21.52,702,3210.0,18813,53.9,1,0,0
B1283,1,11.35040654,19.23,667,3630.0,20300,78.7,1,0,0
B1959,1,9.472396897,11.63,697,4140.0,4996,38.4,3,0,0
B1480,0,11.00209984,13.18,712,1620.0,9664,63.2,4,0,0
B1828,1,11.35369524,17.58,707,6180.0,2805,14.6,0,1,0
B1515,1,10.59663473,12.0,762,7179.041667,15146,24.8,0,0,0
B1048,1,10.92665765,23.72,727,5520.041667,38043,52.6,1,0,0
B1511,1,10.37361617,21.3,692,2252.041667,14629,93.8,1,0,0
B1016,1,10.23995979,24.77,682,3239.958333,86,1.1,0,0,0
B1171,1,10.71441777,19.81,712,3090.041667,9754,61.3,1,0,0
B1157,1,11.51292546,18.91,667,6420.041667,30523,66.2,0,0,0
B1045,1,11.69524702,7.72,777,10681.04167,5195,5.4,1,0,0
B1517,1,10.71441777,23.2,662,3608.0,1498,62.4,1,0,0
B1301,1,11.24504602,18.7,747,5639.958333,33660,45.0,0,0,0
B1180,1,10.30895266,5.04,732,2670.041667,6383,46.6,0,0,0
B1606,1,10.23995979,12.47,662,1349.958333,117,5.3,3,0,0
B1992,0,10.46310334,13.68,642,3900.0,4207,79.4,4,0,0
B1115,0,10.50506754,4.64,657,7589.0,4727,89.2,2,0,0
B1190,1,12.4292162,6.89,762,5729.958333,18068,42.7,1,0,0
B1980,1,10.46310334,8.09,677,3720.0,6194,53.4,0,0,0
B1927,1,11.38509209,8.73,692,5402.041667,19281,89.7,0,0,0
B1982,1,11.03488966,19.24,662,1601.958333,10748,90.3,0,0,0
B1255,0,9.903487553,16.74,717,4350.0,13218,40.3,4,0,0
B1322,1,11.69524702,8.91,792,8129.958333,3706,12.8,1,0,0
B1127,1,11.08214255,11.13,717,5208.0,16724,41.7,0,0,0
B1017,0,11.15625052,15.99,642,3001.0,26933,65.2,5,0,0
B1792,1,10.77895629,12.43,682,1950.041667,5027,62.8,1,0,0
B1734,1,10.77895629,20.27,712,4020.0,6478,35.2,0,0,0
B1569,1,11.22524339,9.81,722,2879.958333,14132,67.6,3,0,0
B1685,1,11.00209984,19.72,732,5070.0,19500,30.9,0,0,0
B1625,1,10.83958091,8.85,697,3900.0,4759,21.2,0,0,0
B1287,1,10.49127422,17.4,667,10380.04167,18403,73.3,0,1,0
B1853,0,11.15625052,23.21,677,11820.04167,59023,79.5,5,0,0
B1662,1,9.798127037,18.0,787,4110.041667,2816,13.2,0,0,0
B1961,1,10.2181523,21.42,677,1890.0,8817,76.0,1,0,0
B1638,1,10.858999,8.58,697,3750.041667,9017,39.6,1,0,0
B1154,1,12.00150548,10.2,712,3960.0,106181,94.1,0,1,0
B1985,1,11.73606902,3.35,752,7650.0,5752,30.3,0,0,0
B1784,1,11.1193494,11.92,682,10890.0,33115,55.6,1,0,0
B1810,1,11.09741002,11.71,737,3780.0,18277,50.8,1,0,0
B1245,1,10.30895266,5.4,752,2610.0,5270,24.3,0,0,0
B1175,1,10.91508846,0.65,792,2311.041667,383,8.5,0,0,0
B1038,0,11.26446411,19.34,682,3780.041667,15897,66.0,5,0,1
B1758,1,10.71441777,18.83,722,3660.0,21526,55.5,3,0,0
B1537,1,9.210340372,0.0,727,1110.0,0,0.0,0,1,0
B1866,0,10.818177,17.67,657,3690.0,10221,70.0,1,0,1
B1817,1,10.25765937,12.29,697,1950.041667,3647,93.5,1,0,0
B1920,1,10.66895539,16.02,752,3779.958333,5410,34.9,3,0,0
B1407,0,11.88448902,23.26,707,5700.041667,141967,95.5,1,0,0
B1827,1,10.59663473,13.5,712,5368.958333,6513,34.3,3,0,1
B1902,1,10.59663473,5.13,717,6300.0,4225,28.9,3,0,1
B1824,1,11.81303006,9.98,682,5760.0,24810,71.3,3,1,0
B1684,1,12.2010601,8.36,802,11685.0,144723,3.3,0,0,0
B1019,1,11.13453063,13.1,672,4020.0,14606,92.4,1,1,0
B1320,1,10.70324447,7.77,767,3870.0,6301,22.7,1,0,0
B1399,1,11.46163217,18.18,667,5160.0,15109,77.9,1,0,0
B1653,1,10.29200994,18.1,672,4440.0,4321,56.5,2,2,0
B1971,0,9.392661929,20.4,697,990.0,440,11.9,3,0,0
B1470,0,9.998797732,3.22,702,1050.041667,2503,27.5,0,0,0
B1142,0,11.25803322,22.42,687,9600.041667,2009,19.9,5,0,0
B1353,1,10.30895266,21.48,722,10110.0,24397,53.4,1,0,0
B1833,1,10.30895266,19.92,672,1800.0,3211,78.3,2,0,0
B1799,0,11.1844214,15.72,712,4950.041667,3943,43.8,4,0,0
B1958,1,10.95080655,16.21,722,4771.0,29682,28.4,0,0,0
B1050,1,11.22524339,12.62,702,3929.958333,6424,92.2,1,0,0
B1664,1,10.49127422,10.73,752,13770.0,8128,27.7,3,0,0
B1697,1,11.46163217,11.52,717,7680.0,19757,30.1,3,0,0
B1124,1,11.56171563,23.99,687,4949.958333,68479,48.9,0,3,0
B1149,0,10.71441777,18.32,647,1140.041667,6367,80.6,0,0,0
B1341,0,11.43496392,21.91,647,4950.0,13446,94.0,3,0,1
B1304,0,11.57119437,5.48,692,3192.0,43141,62.3,4,0,0
B1837,1,11.64395373,0.45,772,6244.041667,755,1.6,0,0,0
B1443,1,10.96819829,8.23,742,2153.0,0,0.0,2,0,0
B1263,1,10.858999,15.65,677,4500.041667,13800,93.2,2,0,0
B1195,1,11.22524339,6.61,667,2709.041667,0,0.0,1,0,0
B1773,1,11.57988293,17.65,742,9360.0,81940,35.3,0,0,0
B1876,1,10.38899537,7.83,737,2160.0,1092,9.9,0,0,0
B1991,1,10.81977828,21.7,687,4619.958333,5800,66.7,2,1,0
B1349,1,10.6454249,1.71,672,2610.0,1487,45.1,0,0,0
B1046,0,10.95080655,15.07,672,4771.0,8333,52.7,5,0,1
B1822,1,12.20607265,6.97,777,7829.958333,1719,2.8,2,0,0
B1655,1,11.51292546,18.55,667,4560.041667,34841,89.6,0,0,0
B1268,1,11.51092346,15.64,757,12990.04167,4779,17.1,0,0,0
B1369,1,10.37361617,15.07,762,2460.0,1152,16.5,0,0,0
B1635,0,11.69524702,14.65,732,9990.041667,182274,48.9,0,1,0
B1656,1,10.71441777,5.87,692,1741.958333,5607,42.2,0,0,0
B1830,1,10.6214249,12.99,747,2009.958333,2727,12.8,2,0,0
B1786,0,11.60823564,23.4,717,5430.0,122620,0.0,0,0,0
B1603,1,11.51292546,7.93,747,3599.958333,86429,37.8,0,0,0
B1057,1,12.61153775,6.77,717,3870.041667,31244,20.8,3,0,0
B1950,1,10.98529272,18.63,742,5520.0,25195,24.2,0,0,0
B1740,1,10.7898715,17.48,742,10590.0,13844,50.3,3,0,0
B1473,0,11.00209984,18.18,677,3423.041667,15301,85.0,4,0,0
B1116,1,10.57745191,11.9,682,5190.041667,2496,56.7,3,0,1
B1790,1,11.38962725,24.94,692,4975.958333,27160,65.7,1,0,0
B1126,1,10.47333652,12.52,812,6419.958333,2600,12.3,0,0,0
B1907,1,10.4341158,22.34,712,7470.0,19034,26.3,1,1,0
B1633,1,10.90778916,9.12,702,3240.0,1050,44.5,2,0,0
B1512,0,11.31447453,20.96,657,6360.041667,24391,98.4,3,2,0
B1750,1,11.12714533,9.99,767,8190.041667,2475,5.4,1,1,0
B1801,1,11.00209984,12.42,717,2370.041667,31563,40.5,3,0,0
B1117,1,11.69524702,7.67,762,6007.041667,21521,29.5,1,0,0
B1559,1,9.798127037,13.8,692,3210.0,9794,75.9,0,0,0
B1487,1,11.3736634,9.32,722,3749.958333,19827,90.9,0,0,0
B1236,1,10.41271189,18.48,682,2161.0,7452,73.8,0,0,0
B1884,0,10.08580911,28.15,697,1499.958333,4708,72.4,2,0,0
B1271,1,10.49127422,19.9,672,2550.0,2610,27.8,1,0,0
B1188,1,11.53272809,18.69,687,7980.0,22845,69.4,3,0,0
B1998,1,10.79949394,8.67,802,4050.0,34,0.3,0,0,0
B1703,1,10.95080655,0.32,717,1680.041667,167,3.3,2,0,0
B1446,1,11.52682837,3.19,777,8370.0,1715,8.2,1,0,0
B1580,1,11.63691144,0.28,797,7020.0,633,1.1,0,0,0
B1789,0,10.33136626,12.91,667,4079.958333,10442,52.2,15,0,0
B1075,1,11.66767025,15.53,712,2789.958333,26438,48.7,1,0,0
B1153,1,10.48192509,21.57,747,4889.958333,16973,26.4,0,0,0
B1434,1,10.77895629,17.65,687,2070.0,3761,55.4,2,0,0
B1696,1,11.15625052,17.04,707,2280.0,2578,25.3,2,0,0
B1284,0,10.6454249,7.86,657,3449.041667,7827,59.7,1,0,0
B1973,1,10.75790288,13.3,702,6060.0,10083,53.9,1,0,1
B1068,1,10.74720759,16.54,672,3690.0,2271,87.3,1,1,0
B1093,0,10.37349118,22.95,687,3150.041667,10624,62.9,4,0,0
B1203,0,11.26446411,16.28,732,4740.0,37879,57.0,6,0,0
B1911,1,10.6454249,0.0,772,7529.958333,0,0.0,6,0,0
B1431,1,11.08214255,20.22,687,5340.041667,16731,96.2,1,0,1
B1340,1,10.59663473,22.23,692,2220.0,6834,55.1,2,0,0
B1611,1,9.61580548,15.28,707,1290.0,1545,18.6,1,0,0
B1356,1,11.73606902,13.16,772,7320.0,78059,28.3,0,0,0
B1022,0,10.16585182,4.34,642,1380.041667,6345,77.4,8,0,0
B1761,0,10.27505111,24.08,662,3990.0,5729,100.5,0,0,0
B1521,1,11.00209984,13.28,682,1710.0,679,7.4,3,1,0
B1757,1,11.12726298,18.23,732,5070.0,25313,43.4,2,0,0
B1179,1,11.00209984,2.74,667,1126.958333,591,84.4,3,0,0
B1222,0,11.22524339,27.2,677,3900.041667,14273,50.1,2,1,1
B1905,1,10.75363848,12.23,727,2940.958333,1287,7.8,0,0,0
B1324,1,11.35040654,12.9,692,7140.958333,7541,82.0,2,0,0
B1015,0,10.91508846,3.56,697,1109.958333,5341,24.0,5,0,0
B1335,1,10.63825641,17.78,717,2520.0,14610,76.9,0,0,0
B1257,1,11.22524339,10.1,742,5520.0,73366,61.7,1,0,0
B1689,1,11.22132693,3.53,712,9330.041667,9826,42.7,1,0,1
B1544,1,11.1844214,10.57,687,3365.0,5634,30.5,0,0,0
B1426,1,10.55059079,10.71,662,4590.0,3015,82.2,0,0,0
B1834,1,10.91508846,4.65,682,3209.958333,2801,63.7,0,0,0
B1576,0,11.00209984,21.03,662,6600.0,16140,81.8,13,0,1
B1416,1,10.6454249,5.71,667,1500.0,8944,57.0,1,0,0
B1167,1,10.71441777,4.67,662,2849.0,7209,38.1,1,0,0
B1841,0,8.672999643,5.13,672,930.0,727,72.7,3,0,0
B1042,1,10.71441777,11.55,682,9420.0,14731,86.1,0,0,0
B1396,1,11.77528973,10.62,682,3210.0,12417,77.1,0,0,0
B1011,1,10.1266311,5.09,787,4800.0,44834,0.0,0,0,0
B1753,1,10.59663473,4.62,677,2249.958333,7110,58.3,0,0,1
B1848,1,11.98292909,0.2,707,5223.041667,255,0.8,0,1,0
B1089,1,11.00209984,15.86,792,8100.0,498,0.4,0,0,0
B1604,1,10.71441777,8.43,742,1289.958333,450,1.7,2,0,0
B1969,1,11.38639806,5.32,697,1574.0,5273,43.6,0,0,1
B1601,0,10.23995979,5.14,677,816.9583333,40,3.3,1,0,0
B1417,0,9.903487553,13.38,667,900.0,3987,97.2,1,0,0
B1114,1,10.1266311,20.02,762,3301.0,11873,14.7,0,0,0
B1616,1,11.65268741,22.88,737,14009.95833,50282,10.9,0,0,0
B1825,0,10.59663473,24.54,677,3720.0,2622,24.3,5,0,0
B1500,0,11.007419,24.29,657,3180.0,28890,72.0,1,0,0
B1074,0,12.3327053,15.11,702,5790.0,229400,94.4,0,0,0
B1412,1,10.62869042,18.19,707,3607.0,8737,70.5,0,0,0
B1375,1,11.51292546,15.01,687,5130.041667,25853,41.7,0,0,0
B1728,1,11.57115664,15.44,727,7680.0,61595,51.6,0,0,0
B1760,1,11.15625052,0.26,667,3329.958333,438,4.6,3,0,0
B1675,0,11.40756495,11.43,692,3179.958333,29381,45.1,5,0,0
B1393,0,10.73639668,17.82,727,10919.95833,50728,88.4,2,0,0
B1868,1,10.81985828,24.07,687,3030.0,4305,56.6,3,1,0
B1456,1,11.51292546,18.35,782,5580.041667,6031,5.8,2,0,0
B1688,0,11.05089001,10.42,687,6388.958333,7406,58.8,14,0,1
B1547,1,11.91839057,4.8,767,13349.95833,61921,39.1,0,0,0
B1977,1,11.1933448,15.1,762,3870.041667,7937,19.2,3,0,0
B1368,0,10.4487146,7.86,647,5279.958333,7424,73.7,1,0,0
B1694,1,11.1844214,17.65,667,3960.0,40106,80.4,0,0,0
B1278,1,10.6454249,0.43,817,4979.958333,84,0.5,0,0,0
B1872,1,10.6501755,13.79,747,5970.0,36646,32.5,0,0,0
B1272,1,11.16336799,12.65,742,1950.041667,5238,73.4,0,0,0
B1061,1,11.05725069,10.96,682,4410.0,20531,85.9,2,0,0
B1595,1,11.19821472,10.22,752,8400.0,16877,54.4,1,0,0
B1879,0,10.08580911,20.45,687,2011.041667,7946,78.7,4,0,0
B1018,1,10.61972606,17.38,712,3876.041667,18061,78.2,1,0,0
B1176,1,10.59663473,19.32,707,2220.041667,2707,31.5,0,0,0
B1395,1,9.210340372,15.84,677,2070.0,0,92.3,1,0,0
B1444,0,10.77895629,4.42,707,5130.0,5684,83.6,5,0,1
B1914,1,11.15619338,18.22,712,4529.958333,24893,69.9,1,0,0
B1264,0,11.21187442,13.83,722,4770.0,4505,25.3,5,0,0
B1717,1,12.56723749,13.89,727,5190.0,43922,65.7,2,0,0
B1383,1,10.95080655,20.74,777,6060.0,59544,26.5,2,0,0
B1850,1,10.75790288,23.69,692,4590.0,1400,77.8,0,1,1
B1024,1,11.31447453,11.56,667,3630.0,0,0.0,1,2,1
B1947,1,11.40756495,4.64,797,9720.041667,2347,9.9,0,0,0
B1890,0,10.33136626,16.51,687,2940.041667,4566,49.1,4,0,0
B1468,0,9.952277717,7.6,707,1590.0,3775,42.4,4,0,0
B1483,1,11.71993963,15.88,722,7442.0,46336,49.8,2,0,0
B1568,1,10.87804719,13.09,702,4441.0,1308,6.9,1,0,0
B1108,1,11.40756495,22.75,697,5010.041667,42632,45.9,3,0,0
B1692,0,11.98292909,11.27,677,5438.0,15814,83.2,6,0,0
B1041,1,10.55236932,14.05,707,3929.958333,490,9.6,2,0,0
B1185,1,10.59663473,15.03,757,5610.0,12361,43.7,0,0,0
B1934,0,10.77895629,18.5,677,1830.0,7368,82.8,4,0,0
B1132,1,11.08846101,21.56,787,5460.0,3526,7.8,0,0,0
B1732,1,12.06155541,2.44,687,5377.0,14324,53.4,2,0,0
B1234,0,10.30895266,18.8,647,1950.041667,4587,41.0,2,0,0
B1842,1,11.35627165,6.27,747,3449.958333,6382,9.4,0,0,0
B1657,1,11.61728548,1.92,702,8730.0,3421,7.4,1,0,0
B1587,1,11.12726298,9.21,742,6480.0,4434,16.9,0,0,0
B1073,1,10.26081229,6.17,722,2340.041667,4479,99.5,0,0,0
B1953,1,11.00209984,22.57,662,2250.0,4533,76.8,1,0,0
B1912,1,11.27720313,15.21,727,4979.958333,2801,6.7,0,1,0
B1518,1,11.79810441,1.72,772,9990.041667,10583,16.9,2,0,0
B1173,1,10.3185148,2.5,697,4800.041667,2077,64.9,2,2,0
B1652,1,10.30895266,9.48,737,3810.041667,4105,57.8,0,0,0
B1169,1,11.54790643,15.02,672,7320.0,15899,16.6,3,0,0
B1193,0,10.38899537,18.37,657,3720.0,1935,77.4,2,0,0
B1516,0,10.6454249,6.83,707,10410.04167,8044,30.7,8,0,0
B1028,1,11.60823564,10.37,662,3360.0,14517,91.3,2,0,1
B1164,0,11.60823564,5.05,707,6029.958333,15433,39.3,6,0,1
B1338,1,11.56171563,9.71,717,8446.0,31280,51.2,1,0,0
B1495,1,10.3859137,16.3,662,3616.0,0,0.0,0,1,0
B1832,1,11.08214255,7.74,707,3509.041667,20762,48.5,2,0,0
B1499,1,10.23995979,12.13,717,1890.0,12593,33.3,1,0,0
B1326,1,11.60823564,1.07,762,4290.041667,3889,18.3,0,0,0
B1300,1,10.4341158,24.49,722,4050.0,8016,49.8,0,0,0
B1131,1,11.91839057,5.84,792,5364.958333,37152,3.7,0,0,0
B1803,1,10.77895629,10.35,757,5519.958333,2108,10.9,1,0,0
B1069,1,10.73639668,23.77,717,5309.041667,14685,89.8,0,0,0
B1181,1,11.00209984,10.18,752,10020.04167,17028,11.7,1,0,0
B1090,1,11.51292546,20.5,702,3750.041667,26669,62.3,2,0,0
B1713,1,11.74403719,11.86,677,4619.958333,20685,72.9,1,1,0
B1530,0,10.51867319,22.25,647,4440.0,276,92.0,6,0,1
B1125,1,11.1844214,16.3,667,3600.0,16242,95.5,0,0,0
B1450,1,10.858999,16.43,777,8910.041667,89277,11.6,1,0,0
B1172,1,10.91508846,17.72,712,3705.0,21470,85.5,0,0,0
B1894,1,10.7254676,23.26,687,6570.0,14902,87.7,0,0,0
B1360,1,10.61888534,24.47,697,5309.958333,37864,98.3,0,1,0
B1000,1,12.10071213,7.26,772,13830.0,22141,15.2,1,0,0
B1507,0,11.51292546,18.89,652,2460.041667,66900,94.0,7,0,0
B1408,1,9.998797732,10.36,662,1830.0,2176,53.1,1,0,0
B1823,1,11.22524339,16.32,662,3929.958333,12944,65.0,3,0,0
B1933,1,10.858999,9.74,712,4859.041667,25852,60.5,0,0,0
B1133,1,10.59653473,16.89,662,3809.958333,15586,83.3,0,0,0
B1814,1,11.35040654,8.6,672,5220.0,9132,36.5,2,0,0
B1148,1,10.6454249,10.6,692,3090.041667,1878,81.7,1,0,0
B1079,1,11.3223701,1.42,747,2670.041667,4399,18.4,0,0,0
B1885,1,11.71177632,14.72,727,3900.0,73534,31.6,2,0,0
B1212,1,11.74799759,11.43,687,5310.0,11043,55.8,0,2,0
B1228,1,10.66895539,14.93,717,4410.0,49,3.3,2,0,0
B1531,1,10.51867319,18.49,707,2460.0,5124,51.2,2,0,0
B1440,1,11.22524339,22.45,732,4410.0,11194,32.9,3,0,0
B1525,1,10.97472864,5.24,667,4980.0,5073,50.0,2,0,0
B1970,1,10.40426284,10.76,747,3300.0,433,7.3,0,0,0
B1329,1,11.56171563,14.09,777,3960.0,3272,5.8,3,0,0
B1783,1,11.22524339,10.34,697,2669.041667,23391,90.7,1,0,0
B1357,1,10.20359214,9.51,692,1619.958333,47,0.5,3,1,0
B1667,1,11.1124479,13.65,687,6510.0,11325,43.9,1,0,0
B1007,1,12.01370075,17.43,732,4350.0,114393,46.6,2,0,0
B1177,1,11.20612853,10.29,707,1531.0,12560,53.0,0,0,0
B1539,1,11.28426673,7.81,692,3780.041667,10750,47.1,0,0,0
B1731,1,12.03765399,4.76,662,3300.0,7044,61.8,1,0,0
B1739,1,11.50287513,21.9,712,3030.041667,6809,42.3,3,0,0
B1922,0,12.3883942,13.86,697,4470.041667,219250,91.8,1,0,0
B1501,1,11.71993963,5.84,662,6210.0,13363,99.0,1,1,0
B1144,0,11.8473957,10.85,687,4619.958333,79395,73.8,6,0,0
B1723,1,10.91501573,8.66,707,1530.0,5337,56.2,0,0,0
B1924,1,10.74492542,13.76,692,4334.0,18546,94.1,0,0,0
B1908,1,10.37324115,3.75,742,3450.041667,883,13.8,1,0,0
B1557,1,11.28978191,9.81,727,3239.958333,18654,54.1,3,0,0
B1593,0,9.798127037,10.33,682,2910.0,6646,100.7,1,0,0
B1708,1,10.66904841,12.7,667,3719.958333,1953,57.4,2,1,0
B1449,0,11.46163217,18.38,722,5100.0,148540,74.0,1,0,0
B1009,1,10.96819829,19.31,697,6450.0,13660,79.0,1,0,0
B1250,1,10.42228135,11.36,682,2879.958333,10908,92.4,1,0,0
