loan_id,borrower_id,request_date,purpose,int_rate,installment,not_fully_paid
L1000,B1102,4.45E+04,debt_consolidation,0.1545,453.52,0
L1001,B1435,4.45E+04,debt_consolidation,0.1183,533.46,0
L1002,B1860,4.44E+04,credit_card,0.1146,197.75,1
L1003,B1270,4.43E+04,,0.1646,106.16,0
L1004,B1106,4.45E+04,,0.1221,159.92,0
L1005,B1071,4.43E+04,debt_consolidation,0.1273,209.79,0
L1006,B1700,4.44E+04,major_purchase,0.0894,317.72,0
L1007,B1020,4.43E+04,debt_consolidation,0.0894,190.63,0
L1008,B1614,4.42E+04,debt_consolidation ,0.1322,338.01,0
L1009,B1121,4.42E+04,debt_consolidation,0.1385,682.08,0
L1010,B1466,4.44E+04,major purchase,0.1461,310.28,1
L1011,B1214,4.45E+04,,0.1496,138.59,0
L1012,B1330,4.44E+04,debt_consolidation,0.1218,106.56,0
L1013,B1458,4.43E+04,debt_consolidation,0.1537,87116,0
L1014,B1087,4.42E+04,debt_consolidation,0.1059,195.28,0
L1015,B1372,4.45E+04,debt_consolidation,0.1442,412.6,1
L1016,B1099,4.46E+04,,0.0963,282.43,0
L1017,B1871,4.43E+04,Debt_Consolidation,0.1322,507.01,0
L1018,B1663,4.45E+04,,0.0932,223.63,0
L1019,B1130,4.43E+04,debt_consolidation,0.167,568.03,0
L1020,B1661,4.45E+04,,0.08,188.02,0
L1021,B1308,4.43E+04,debt_consolidation,0.1114,196.83,0
L1022,B1769,4.42E+04,small_business,0.1253,167.34,0
L1023,B1343,4.44E+04,debt_consolidation,0.1287,311.11,0
L1024,B1491,4.44E+04,debt_consolidation ,0.1316,168.86,0
L1025,B1413,4.45E+04,educational ,0.1261,670.13,0
L1026,B1805,4.45E+04,small business,0.1565,139.95,0
L1027,B1385,4.45E+04,debt_consolidation,0.1287,336.34,0
L1028,B1191,4.42E+04,,0.1663,638.46,1
L1029,B1955,4.45E+04,major_purchase,0.1537,375.47,0
L1030,B1276,4.45E+04,debt_consolidation,0.1347,398.6,0
L1031,B1160,4.44E+04,small_business,0.1565,699.73,0
L1032,B1459,4.42E+04,,0.1103,98.26,0
L1033,B1313,4.43E+04,debt_consolidation,0.1496,277.16,0
L1034,B1021,4.43E+04,debt_consolidation,0.1663,141,0
L1035,B1252,4.43E+04,debt_consolidation,0.1148,131.88,0
L1036,B1747,4.43E+04,debt_consolidation,0.1292,252.42,0
L1037,B1856,4.45E+04,debt_consolidation,0.1114,367.4,1
L1038,B1560,4.42E+04,,0.1114,656.07,0
L1039,B1474,4.43E+04,debt_consolidation,0.1253,669.33,0
L1040,B1058,4.42E+04,debt_consolidation,0.0894,381.26,0
L1041,B1510,4.44E+04,debt_consolidation,0.0894,182.69,0
L1042,B1681,4.42E+04,home_improvement,0.1253,167.34,0
L1043,B1475,4.44E+04,debt_consolidation,0.1426,626.08,1
L1044,B1699,4.45E+04,credit_card,0.1218,59.94,0
L1045,B1975,4.44E+04,major_purchase,0.1222,145.78,0
L1046,B1782,4.42E+04,debt_consolidation,0.1071,652.04,0
L1047,B1189,4.45E+04,debt_consolidation,0.1322,338.01,0
L1048,B1957,4.42E+04,Educational,0.1357,203.82,0
L1049,B1686,4.42E+04,educational,0.1375,102.17,0
L1050,B1957,4.43E+04,,0.1218,499.5,0
L1051,B1562,4.44E+04,credit_card,0.1418,227.87,0
L1052,B1875,4.44E+04,debt_consolidation,0.1159,158.5,0
L1053,B1566,4.45E+04,credit_card,0.16,562.52,1
L1054,B1243,4.44E+04,debt_consolidation,0.1083,293.93,0
L1055,B1831,4.45E+04,,0.1253,160.64,0
L1056,B1504,4.44E+04,,0.1426,41.17,1
L1057,B1130,4.42E+04,,0.1095,130.86,0
L1058,B1484,4.44E+04,,0.1392,273.1,0
L1059,B1818,4.45E+04,debt_consolidation,0.1008,84,0
L1060,B1646,4.44E+04,,0.0983,160.94,0
L1061,B1020,4.43E+04,credit_card,0.1183,646.12,0
L1062,B1840,4.45E+04,debt_consolidation,0.0894,285.95,1
L1063,B1166,4.43E+04,debt_consolidation,0.1287,336.34,0
L1064,B1273,4.43E+04,educational,0.0788,375.37,0
L1065,B1387,4.44E+04,debt_consolidation,0.1218,166.5,0
L1066,B1600,4.44E+04,,0.1461,51.72,0
L1067,B1315,4.43E+04,debt_consolidation,0.1322,109.86,0
L1068,B1013,4.45E+04,,0.1273,503.5,0
L1069,B1241,4.45E+04,debt_consolidation,0.1183,662.68,0
L1070,B1776,4.45E+04,debt_consolidation,0.167,142.01,0
L1071,B1345,4.45E+04,debt_consolidation,0.1197,132.8,0
L1072,B1564,4.43E+04,debt_consolidation,0.1189,397.97,0
L1073,B1897,4.44E+04,debt_consolidation,0.1148,197.82,0
L1074,B1339,4.42E+04,debt_consolidation,0.1148,337.93,1
L1075,B1091,4.42E+04,debt_consolidation,0.1253,481.92,1
L1076,B1366,4.45E+04,,0.1189,397.97,0
L1077,B1955,4.44E+04,credit_card,0.1217,116.54,0
L1078,B1454,4.45E+04,,0.0894,203.34,0
L1079,B1427,4.43E+04,,0.1253,184.07,0
L1080,B1508,4.45E+04,credit_card,0.1316,216.13,0
L1081,B1775,4.44E+04,debt_consolidation,0.1375,102.17,1
L1082,B1942,4.44E+04,,0.0963,115.54,0
L1083,B1034,4.43E+04,,0.1221,333.15,0
L1084,B1205,4.42E+04,debt_consolidation,0.1284,470.66,0
L1085,B1080,4.43E+04,home_improvement,0.0832,62.97,0
L1086,B1931,4.42E+04,,0.1392,51.21,0
L1087,B1561,4.44E+04,,0.1284,201.71,0
L1088,B1871,4.43E+04,debt_consolidation,0.1025,485.78,0
L1089,B1387,4.45E+04,credit_card,0.0751,155.55,0
L1090,B1001,4.43E+04,debt_consolidation,0.0894,158.86,0
L1091,B1389,4.43E+04,,0.1311,101.24,0
L1092,B1565,4.43E+04,major_purchase,0.1183,165.67,1
L1093,B1105,4.44E+04,debt_consolidation,0.1442,275.07,1
L1094,B1771,4.44E+04,,0.0894,285.95,0
L1095,B1821,4.44E+04,,0.1659,106.35,1
L1096,B1476,4.45E+04,educational,0.1221,399.78,0
L1097,B1702,4.42E+04,,0.1461,103.43,0
L1098,B1401,4.44E+04,home_improvement,0.1493,242.42,0
L1099,B1729,4.45E+04,small_business,0.1754,290.97,1
L1100,B1555,4.44E+04,,0.08,156.69,0
L1101,B1161,4.43E+04,debt_consolidation,0.1387,170.58,0
L1102,B1201,4.43E+04,,0.0807,136.45,0
L1103,B1957,4.44E+04,,0.1505,260.19,0
L1104,B1995,4.43E+04,major_purchase,0.092,223.26,0
L1105,B1269,4.44E+04,debt_consolidation,0.1316,324.2,0
L1106,B1862,4.44E+04,debt_consolidation,0.0859,410.94,0
L1107,B1815,4.46E+04,debt consolidation,0.1474,552.59,0
L1108,B1270,4.43E+04,debt_consolidation,0.1501,277.37,0
L1109,B1455,4.44E+04,debt_consolidation,0.1316,489.67,0
L1110,B1461,4.43E+04,debt_consolidation,0.1008,162.34,0
L1111,B1726,4.43E+04,,0.1189,198.99,0
L1112,B1251,4.43E+04,,0.1221,99.95,0
L1113,B1701,4.45E+04,,0.1158,165.07,0
L1114,B1295,4.46E+04,educational,0.1379,170.38,0
L1115,B1724,4.45E+04,credit card,0.167,710.03,0
L1116,B1719,4.43E+04,,0.1114,164.02,0
L1117,B1748,4.42E+04,debt_consolidation,0.1095,392.57,0
L1118,B1337,4.45E+04,,0.1324,169.05,1
L1119,B1878,4.43E+04,credit_card,0.157,849.02,0
L1120,B1052,4.46E+04,debt_consolidation,0.1103,491.3,1
L1121,B1791,4.44E+04,debt_consolidation,0.1442,302.57,0
L1122,B1921,4.42E+04,small_business,0.1525,869.7,0
L1123,B1216,4.44E+04,debt consolidation,0.1311,330.7,1
L1124,B1763,4.45E+04,debt_consolidation,0.1357,271.75,0
L1125,B1187,4.45E+04,,0.1505,277.53,0
L1126,B1379,4.44E+04,credit_card,0.0976,450.17,0
L1127,B1492,4.45E+04,,0.08,282.03,0
L1128,B1040,4.45E+04,credit_card,0.1189,348.23,0
L1129,B1156,4.43E+04,home_improvement,0.0775,93.67,0
L1130,B1014,4.45E+04,debt_consolidation,0.1461,120.67,1
L1131,B1812,4.43E+04,,0.1878,803.99,0
L1132,B1064,4.44E+04,major_purchase,0.0945,96.03,0
L1133,B1856,4.42E+04,,0.1158,264.11,0
L1134,B1838,4.43E+04,debt_consolidation,0.1221,259.86,0
L1135,B1520,4.44E+04,credit_card,0.0963,320.95,0
L1136,B1343,4.45E+04,debt_consolidation,0.1496,692.9,0
L1137,B1128,4.42E+04,debt_consolidation,0.1324,253.58,1
L1138,B1647,4.42E+04,debt_consolidation,0.1461,260.29,0
L1139,B1471,4.43E+04,debt_consolidation,0.1025,323.85,0
L1140,B1062,4.45E+04,debt_consolidation,0.0988,547.58,0
L1141,B1138,4.44E+04,debt_consolidation,0.1496,277.16,0
L1142,B1498,4.46E+04,debt_consolidation,0.167,284.02,0
L1143,B1592,4.42E+04,credit_card,0.0705,46.35,0
L1144,B1391,4.42E+04,debt_consolidation,0.1253,742.95,0
L1145,B1674,4.43E+04,debt_consolidation,0.1588,526.47,0
L1146,B1418,4.42E+04,debt_consolidation,0.0714,77.35,0
L1147,B1288,4.42E+04,,0.1347,339.23,0
L1148,B1378,4.45E+04,debt_consolidation,0.145,289.14,0
L1149,B1772,4.44E+04,home_improvement,0.1103,163.77,0
L1150,B1489,4.43E+04,debt_consolidation,0.1496,692.9,0
L1151,B1230,4.43E+04,debt_consolidation,0.145,413.06,0
L1152,B1040,4.43E+04,small_business,0.1099,818.38,0
L1153,B1027,4.44E+04,small_business,0.16,527.36,0
L1154,B1134,4.46E+04,debt_consolidation,0.1758,74.58,1
L1155,B1200,4.44E+04,small_business,0.1916,293.9,1
L1156,B1839,4.44E+04,credit_card,0.1148,659.37,0
L1157,B1779,4.43E+04,,0.1392,819.29,0
L1158,B1929,4.45E+04,debt_consolidation,0.1209,399.09,0
L1159,B1032,4.44E+04,,0.1253,334.67,0
L1160,B1047,4.45E+04,debt_consolidation,0.1095,235.54,0
L1161,B1502,4.45E+04,,0.0743,155.38,0
L1162,B1406,4.45E+04,credit_card,0.1095,40.9,0
L1163,B1573,4.43E+04,debt_consolidation,0.157,525.17,0
L1164,B1727,4.44E+04,debt_consolidation,0.1474,690.74,0
L1165,B1804,4.43E+04,debt_consolidation,0.1183,629.55,0
L1166,B1098,4.42E+04,debt_consolidation,0.1126,657.27,0
L1167,B1683,4.45E+04,debt_consolidation,0.1189,829.1,0
L1168,B1871,4.45E+04,credit_card,0.1249,100.35,0
L1169,B1725,4.46E+04,,0.145,258.16,1
L1170,B1986,4.43E+04,small_business,0.0976,644.71,1
L1171,B1546,4.43E+04,debt_consolidation,0.1158,726.3,0
L1172,B1960,4.44E+04,debt_consolidation,0.1357,475.56,1
L1173,B1738,4.44E+04,debt_consolidation,0.1531,208.9,0
L1174,B1612,4.42E+04,,0.0932,287.53,0
L1175,B1942,4.43E+04,debt_consolidation,0.1253,133.87,0
L1176,B1461,4.44E+04,home_improvement,0.0863,173.17,0
L1177,B1642,4.45E+04,debt_consolidation,0.1426,111.5,0
L1178,B1768,4.45E+04,debt_consolidation,0.1531,870.39,0
L1179,B1004,4.45E+04,debt_consolidation,0.1126,394.36,0
L1180,B1217,4.45E+04,debt_consolidation,0.167,860.91,0
L1181,B1502,4.44E+04,Small_Business,0.1039,324.51,0
L1182,B1766,4.44E+04,educational,0.1461,144.8,0
L1183,B1397,4.42E+04,,0.0859,221.28,0
L1184,B1870,4.45E+04,home_improvement,0.06,190.14,0
L1185,B1794,4.42E+04,,0.1183,66.27,0
L1186,B1392,4.44E+04,,0.1189,278.58,0
L1187,B1206,4.46E+04,credit_card,0.1099,621.97,0
L1188,B1014,4.42E+04,credit_card,0.1412,239.66,0
L1189,B1857,4.43E+04,home_improvement,0.1461,206.86,0
L1190,B1553,4.42E+04,debt_consolidation,0.1426,411.67,0
L1191,B1891,4.44E+04,educational,0.102,77.67,0
L1192,B1460,4.43E+04,major_purchase,0.1221,149.92,0
L1193,B1690,4.43E+04,,0.0743,93.23,1
L1194,B1574,4.44E+04,small_business,0.1284,504.27,0
L1195,B1863,4.43E+04,,0.0894,444.81,0
L1196,B1742,4.46E+04,debt_consolidation,0.1496,866.16,0
L1197,B1240,4.44E+04,debt_consolidation,0.1545,390.73,0
L1198,B1563,4.43E+04,debt_consolidation,0.1148,522.55,0
L1199,B1095,4.45E+04,,0.0768,154.39,0
L1200,B1899,4.45E+04,debt_consolidation,0.1311,337.45,0
L1201,B1733,4.45E+04,home_improvement,0.1525,347.88,0
L1202,B1484,4.44E+04,debt_consolidation,0.1442,515.74,0
L1203,B1406,4.44E+04,major_purchase,0.1426,171.53,0
L1204,B1230,4.44E+04,small_business,0.0963,154.06,0
L1205,B1748,4.43E+04,debt_consolidation,0.145,123.06,0
L1206,B1654,4.45E+04,debt_consolidation,0.1126,279.34,0
L1207,B1170,4.43E+04,debt_consolidation,0.1218,666,0
L1208,B1540,4.44E+04,small_business,0.0775,337.19,0
L1209,B1035,4.42E+04,debt consolidation,0.1028,162,0
L1210,B1524,4.42E+04,small_business,0.0932,223.63,0
L1211,B1159,4.42E+04,debt_consolidation,0.1284,181.54,0
L1212,B1838,4.44E+04,debt_consolidation,0.0894,55.61,1
L1213,B1698,4.46E+04,educational,0.1759,107.85,0
L1214,B1242,4.45E+04,major_purchase,0.1222,376.52,1
L1215,B1085,4.42E+04,,0.1183,198.81,0
L1216,B1795,4.43E+04,debt_consolidation,0.0863,209.54,0
L1217,B1577,4.44E+04,,0.0705,231.75,0
L1218,B1681,4.43E+04,credit_card,0.1505,333.04,0
L1219,B1556,4.45E+04,small_business,0.1979,787.46,0
L1220,B1573,4.42E+04,credit_card,0.0963,417.23,0
L1221,B1952,4.45E+04,educational,0.0933,31.96,0
L1222,B1645,4.42E+04,debt_consolidation,0.1628,91235,1
L1223,B1795,4.45E+04,educational,0.0751,217.77,0
L1224,B1027,4.45E+04,debt_consolidation,0.1596,421.65,0
L1225,B1619,4.42E+04,home_improvement,0.1253,811.56,0
L1226,B1555,4.45E+04,debt_consolidation,0.1218,399.6,0
L1227,B1339,4.45E+04,debt_consolidation,0.1241,517.87,0
L1228,B1797,4.43E+04,credit_card,0.1128,246.54,0
L1229,B1957,4.42E+04,debt_consolidation,0.1861,451.19,0
L1230,B1330,4.44E+04,debt_consolidation,0.1148,346.17,0
L1231,B1639,4.43E+04,major_purchase,0.1078,163.18,0
L1232,B1505,4.43E+04,,0.1261,201.04,1
L1233,B1347,4.44E+04,educational,0.1122,82.11,0
L1234,B1472,4.45E+04,credit_card,0.1254,226.78,0
L1235,B1230,4.43E+04,debt_consolidation,0.1615,233.41,0
L1236,B1189,4.45E+04,,0.08,188.02,0
L1237,B1224,4.42E+04,debt_consolidation,0.1287,235.44,0
L1238,B1384,4.43E+04,debt_consolidation,0.1537,334.53,0
L1239,B1376,4.44E+04,debt_consolidation,0.1189,198.99,0
L1240,B1282,4.44E+04,small_business,0.1249,284.32,0
L1241,B1957,4.45E+04,debt_consolidation,0.1379,340.76,1
L1242,B1632,4.44E+04,small_business,0.1982,926.83,1
L1243,B1627,4.45E+04,credit_card,0.1217,266.37,1
L1244,B1972,4.45E+04,debt_consolidation,0.0807,313.69,0
L1245,B1744,4.45E+04,debt_consolidation,0.0788,375.37,0
L1246,B1258,4.42E+04,credit_card,0.1347,488.49,0
L1247,B1358,4.44E+04,home_improvement,0.1095,261.71,0
L1248,B1709,4.43E+04,,0.0743,155.38,0
L1249,B1455,4.45E+04,credit_card,0.1734,182.7,0
L1250,B1410,4.43E+04,educational,0.0859,316.11,0
L1251,B1648,4.43E+04,debt_consolidation,0.16,275.99,0
L1252,B1317,4.45E+04,debt_consolidation,0.1531,348.16,0
L1253,B1676,4.45E+04,small_business,0.16,843.78,0
L1254,B1224,4.45E+04,educational,0.1158,99.05,0
L1255,B1818,4.46E+04,,0.1635,529.94,1
L1256,B1233,4.45E+04,,0.092,255.15,0
L1257,B1683,4.43E+04,,0.0714,145.42,0
L1258,B1663,4.45E+04,debt_consolidation,0.1284,285.76,0
L1259,B1974,4.45E+04,,0.1438,46.39,0
L1260,B1826,4.44E+04,small_business,0.087,316.61,0
L1261,B1373,4.42E+04,credit_card,0.0743,155.38,0
L1262,B1671,4.45E+04,debt_consolidation,0.0774,312.19,0
L1263,B1607,4.43E+04,,0.1222,79.97,0
L1264,B1471,4.45E+04,debt_consolidation,0.1148,329.69,0
L1265,B1232,4.43E+04,debt_consolidation,0.1183,397.61,0
L1266,B1691,4.43E+04,,0.08,470.05,0
L1267,B1112,4.44E+04,debt_consolidation,0.1071,192.35,0
L1268,B1829,4.44E+04,home_improvement,0.0774,156.1,0
L1269,B1496,4.44E+04,small_business,0.1916,352.67,0
L1270,B1441,4.45E+04,small_business,0.1496,831.52,1
L1271,B1563,4.43E+04,debt_consolidation,0.1442,275.07,0
L1272,B1267,4.42E+04,,0.1322,169.01,0
L1273,B1509,4.45E+04,,0.1183,795.22,0
L1274,B1806,4.44E+04,,0.0988,161.06,0
L1275,B1385,4.44E+04,debt_consolidation,0.1496,304.88,0
L1276,B1386,4.43E+04,debt_consolidation,0.1221,366.47,0
L1277,B1112,4.44E+04,educational,0.1095,91.6,0
L1278,B1612,4.45E+04,,0.1148,197.82,0
L1279,B1624,4.43E+04,small_business,0.2017,186.26,1
L1280,B1951,4.45E+04,debt_consolidation,0.1284,638.75,0
L1281,B1080,4.42E+04,debt_consolidation,0.1411,205.38,0
L1282,B1698,4.45E+04,credit_card,0.1241,559.63,0
L1283,B1112,4.45E+04,small_business,0.1407,855.3,0
L1284,B1001,4.42E+04,small_business,0.1843,188.22,0
L1285,B1641,4.43E+04,,0.1496,221.74,0
L1286,B1219,4.42E+04,small_business,0.1462,517.2,1
L1287,B1565,4.44E+04,credit_card,0.08,282.03,0
L1288,B1854,4.44E+04,credit_card,0.1482,138.31,0
L1289,B1996,4.43E+04,,0.1039,272.59,0
L1290,B1735,4.45E+04,,0.0964,208.66,1
L1291,B1224,4.44E+04,debt_consolidation,0.1422,342.85,0
L1292,B1384,4.44E+04,credit_card,0.1083,146.97,0
L1293,B1402,4.44E+04,,0.0938,230.24,0
L1294,B1637,4.42E+04,debt_consolidation,0.1183,662.68,0
L1295,B1129,4.45E+04,,0.1172,72.78,0
L1296,B1052,4.44E+04,debt_consolidation ,0.0894,381.26,0
L1297,B1683,4.44E+04,credit_card,0.1632,882.84,0
L1298,B1729,4.44E+04,,0.1033,180.76,0
L1299,B1671,4.44E+04,debt_consolidation,0.1355,81.51,0
L1300,B1709,4.45E+04,debt_consolidation,0.1095,490.71,0
L1301,B1415,4.43E+04,small_business,0.1411,410.75,1
L1302,B1246,4.44E+04,major_purchase,0.1316,405.25,0
L1303,B1835,4.45E+04,debt consolidation,0.1385,545.67,0
L1304,B1438,4.45E+04,credit_card,0.0963,192.57,0
L1305,B1202,4.44E+04,credit_card,0.1746,897.06,1
L1306,B1183,4.42E+04,home_improvement,0.0932,383.37,0
L1307,B1122,4.44E+04,debt_consolidation,0.0774,206.05,0
L1308,B1400,4.44E+04,educational,0.1091,326.97,1
L1309,B1766,4.44E+04,,0.0951,230.68,0
L1310,B1293,4.45E+04,debt_consolidation,0.1292,168.28,0
L1311,B1279,4.45E+04,credit_card,0.0988,450.95,0
L1312,B1836,4.43E+04,debt_consolidation,0.1426,514.59,0
L1313,B1883,4.43E+04,debt_consolidation,0.1474,697.65,0
L1314,B1609,4.45E+04,credit_card,0.0788,484.85,0
L1315,B1197,4.45E+04,debt_consolidation,0.1253,87.02,0
L1316,B1981,4.45E+04,,0.1442,51.58,0
L1317,B1906,4.44E+04,debt_consolidation,0.1474,241.76,0
L1318,B1510,4.42E+04,credit_card,0.102,323.62,0
L1319,B1751,4.45E+04,,0.1183,119.29,0
L1320,B1143,4.43E+04,major_purchase,0.1126,131.46,0
L1321,B1608,4.45E+04,home_improvement,0.0774,280.97,0
L1322,B1200,4.44E+04,credit_card,0.1387,272.92,0
L1323,B1123,4.45E+04,,0.1253,117.14,1
L1324,B1186,4.46E+04,debt_consolidation,0.1347,135.7,1
L1325,B1325,4.42E+04,credit_card,0.1221,199.89,0
L1326,B1463,4.43E+04,,0.1459,137.86,0
L1327,B1348,4.44E+04,debt_consolidation,0.1039,292.06,0
L1328,B1770,4.45E+04,,0.1218,159.84,1
L1329,B1659,4.44E+04,home_improvement,0.0932,191.69,0
L1330,B1763,4.45E+04,debt_consolidation,0.1355,848.99,1
L1331,B1954,4.43E+04,debt_consolidation,0.0788,375.37,0
L1332,B1931,4.44E+04,credit_card,0.074,65.23,0
L1333,B1402,4.43E+04,,0.08,188.02,0
L1334,B1345,4.43E+04,educational,0.1253,83.67,0
L1335,B1962,4.42E+04,debt_consolidation,0.1418,102.8,1
L1336,B1510,4.43E+04,small_business,0.1099,65.48,0
L1337,B1146,4.45E+04,,0.1287,201.8,0
L1338,B1147,4.44E+04,home_improvement,0.1158,138.66,0
L1339,B1863,4.43E+04,debt_consolidation,0.1287,302.7,1
L1340,B1710,4.45E+04,,0.1229,50.03,0
L1341,B1819,4.45E+04,debt_consolidation,0.1347,508.84,1
L1342,B1488,4.45E+04,debt_consolidation,0.1786,158.77,0
L1343,B1928,4.45E+04,small_business,0.1804,682.76,1
L1344,B1935,4.42E+04,debt_consolidation,0.1148,692.34,0
L1345,B1639,4.43E+04,,0.1461,172.38,0
L1346,B1550,4.45E+04,,0.0894,95.32,0
L1347,B1337,4.43E+04,major_purchase,0.0788,203.33,0
L1348,B1871,4.42E+04,major_purchase,0.1531,69.64,0
L1349,B1640,4.45E+04,,0.1189,33.17,0
L1350,B1778,4.43E+04,debt_consolidation,0.1533,139.32,1
L1351,B1987,4.46E+04,debt_consolidation,0.1663,248.29,0
L1352,B1952,4.43E+04,small_business,0.1348,169.63,0
L1353,B1472,4.44E+04,debt_consolidation,0.1357,95.12,0
L1354,B1945,4.44E+04,,0.0932,148.56,0
L1355,B1150,4.43E+04,debt_consolidation,0.1392,491.58,0
L1356,B1414,4.43E+04,debt_consolidation,0.08,87.75,0
L1357,B1989,4.44E+04,debt_consolidation,0.1209,399.09,1
L1358,B1297,4.44E+04,,0.1008,80.77,0
L1359,B1610,4.43E+04,home_improvement,0.1474,863.42,0
L1360,B1262,4.44E+04,credit_card,0.16,210.95,0
L1361,B1763,4.45E+04,home_improvement,0.1407,764.64,1
L1362,B1143,4.43E+04,small_business,0.1253,312.08,1
L1363,B1345,4.44E+04,home_improvement,0.1008,129.22,0
L1364,B1623,4.43E+04,debt_consolidation,0.0894,171.57,0
L1365,B1571,4.44E+04,debt_consolidation,0.1191,87.91,0
L1366,B1880,4.45E+04,credit_card,0.1513,124.16,0
L1367,B1001,4.43E+04,,0.1442,515.74,0
L1368,B1896,4.43E+04,major_purchase ,0.1221,79.96,0
L1369,B1303,4.43E+04,debt_consolidation,0.1347,169.62,1
L1370,B1253,4.43E+04,debt_consolidation,0.0788,156.41,1
L1371,B1651,4.42E+04,debt_consolidation,0.1158,561.23,0
L1372,B1452,4.43E+04,debt_consolidation,0.1253,836.66,0
L1373,B1036,4.45E+04,credit_card,0.0894,285.95,0
L1374,B1159,4.45E+04,,0.1071,163.01,1
L1375,B1008,4.45E+04,debt_consolidation,0.1426,48.03,0
L1376,B1232,4.43E+04,debt_consolidation,0.0932,191.69,0
L1377,B1098,4.45E+04,debt_consolidation,0.08,313.37,0
L1378,B1658,4.45E+04,credit_card,0.0996,643.36,0
L1379,B1815,4.43E+04,credit_card,0.0901,381.66,0
L1380,B1207,4.44E+04,debt_consolidation,0.1134,394.8,0
L1381,B1130,4.43E+04,,0.1095,261.71,1
L1382,B1403,4.43E+04,debt_consolidation,0.1253,669.33,0
L1383,B1151,4.43E+04,,0.1347,203.54,0
L1384,B1053,4.44E+04,,0.0743,217.52,0
L1385,B1119,4.43E+04,,0.0945,224.07,1
L1386,B1672,4.45E+04,,0.1114,49.21,1
L1387,B1919,4.43E+04,small_business,0.0963,385.14,0
L1388,B1627,4.45E+04,debt_consolidation,0.1091,304.9,0
L1389,B1586,4.44E+04,major_purchase,0.0788,218.97,0
L1390,B1624,4.45E+04,,0.1136,279.75,0
L1391,B1967,4.43E+04,credit_card,0.1158,495.21,0
L1392,B1419,4.45E+04,,0.1568,161.01,1
L1393,B1421,4.46E+04,credit_card,0.0743,155.38,0
L1394,B1103,4.43E+04,home_improvement,0.1284,201.71,0
L1395,B1851,4.45E+04,small_business,0.1979,296.46,1
L1396,B1253,4.45E+04,debt_consolidation,0.1292,100.97,0
L1397,B1226,4.42E+04,,0.1218,99.9,0
L1398,B1111,4.43E+04,educational,0.1695,171.01,1
L1399,B1509,4.45E+04,small business,0.0951,800.95,0
L1400,B1472,4.45E+04,small_business,0.1461,655.03,0
L1401,B1098,4.45E+04,,0.1608,409.16,1
L1402,B1152,4.43E+04,home_improvement,0.0976,188.91,1
L1403,B1860,4.44E+04,debt_consolidation,0.1496,692.9,0
L1404,B1913,4.44E+04,debt_consolidation,0.1062,651.2,0
L1405,B1895,4.43E+04,small_business,0.1114,524.89,0
L1406,B1877,4.42E+04,debt_consolidation,0.0774,156.1,0
L1407,B1337,4.43E+04,credit_card,0.1103,147.39,0
L1408,B1705,4.45E+04,debt_consolidation,0.1695,712.54,0
L1409,B1821,4.45E+04,debt_consolidation,0.1493,519.47,0
L1410,B1162,4.45E+04,debt_consolidation,0.1062,208.39,0
L1411,B1719,4.44E+04,debt_consolidation,0.1158,660.27,0
L1412,B1956,4.45E+04,,0.1096,196.32,0
L1413,B1680,4.42E+04,,0.0774,156.1,0
L1414,B1995,4.45E+04,credit_card,0.0963,224.66,0
L1415,B1160,4.45E+04,,0.0768,155.96,0
L1416,B1579,4.45E+04,home_improvement,0.1284,181.54,0
L1417,B1800,4.46E+04,debt_consolidation,0.1422,219.42,1
L1418,B1397,4.42E+04,,0.1505,173.46,0
L1419,B1276,4.43E+04,debt_consolidation,0.1635,565.27,0
L1420,B1815,4.45E+04,small_business,0.1461,634.35,0
L1421,B1915,4.45E+04,credit_card,0.1461,517.13,0
L1422,B1503,4.43E+04,,0.1189,315.06,0
L1423,B1895,4.43E+04,credit_card,0.1253,585.67,0
L1424,B1391,4.45E+04,debt_consolidation,0.1357,203.82,0
L1425,B1134,4.45E+04,small_business,0.1025,242.89,0
L1426,B1194,4.44E+04,,0.1103,229.28,0
L1427,B1400,4.42E+04,small_business,0.1635,565.27,0
L1428,B1639,4.45E+04,,0.1197,365.2,0
L1429,B1032,4.45E+04,,0.1221,799.56,1
L1430,B1687,4.45E+04,,0.0676,103.08,0
L1431,B1459,4.43E+04,debt_consolidation,0.1505,260.19,0
L1432,B1954,4.45E+04,small_business,0.08,100.28,0
L1433,B1882,4.45E+04,,0.1183,331.34,0
L1434,B1469,4.45E+04,,0.0838,160.72,0
L1435,B1374,4.42E+04,debt_consolidation,0.0945,409.73,0
L1436,B1021,4.42E+04,debt_consolidation,0.1533,870.71,0
L1437,B1749,4.44E+04,debt_consolidation,0.1014,421.14,0
L1438,B1669,4.44E+04,educational,0.1426,377.37,0
L1439,B1037,4.44E+04,credit_card,0.1287,403.6,0
L1440,B1229,4.45E+04,credit_card,0.1367,221.12,1
L1441,B1364,4.43E+04,home_improvement,0.0963,192.57,0
L1442,B1562,4.43E+04,debt_consolidation ,0.0963,224.66,0
L1443,B1437,4.43E+04,credit_card,0.0788,344.09,0
L1444,B1775,4.44E+04,credit_card,0.1357,203.82,0
L1445,B1282,4.43E+04,debt_consolidation,0.1253,53.55,0
L1446,B1026,4.42E+04,small_business,0.1273,671.33,0
L1447,B1225,4.43E+04,,0.074,496.95,0
L1448,B1276,4.43E+04,,0.1189,49.75,0
L1449,B1797,4.43E+04,credit_card,0.1114,262.45,0
L1450,B1608,4.45E+04,debt_consolidation,0.1008,290.75,0
L1451,B1283,4.45E+04,debt_consolidation,0.1635,628.86,0
L1452,B1878,4.45E+04,credit_card,0.1357,441.6,0
L1453,B1959,4.45E+04,debt_consolidation,0.1253,158.97,0
L1454,B1480,4.43E+04,debt_consolidation,0.1103,425.79,0
L1455,B1452,4.43E+04,debt_consolidation,0.16,450.02,0
L1456,B1828,4.42E+04,,0.1062,227.92,0
L1457,B1815,4.44E+04,small_business,0.1355,67.92,0
L1458,B1658,4.43E+04,Debt_Consolidation,0.1496,55.44,0
L1459,B1515,4.45E+04,debt_consolidation,0.0988,483.16,0
L1460,B1546,4.44E+04,,0.1166,247.9,0
L1461,B1191,4.45E+04,,0.0775,62.45,1
L1462,B1048,4.42E+04,credit_card,0.1218,666,0
L1463,B1511,4.43E+04,,0.1347,254.42,0
L1464,B1016,4.45E+04,credit_card,0.1412,191.73,0
L1465,B1171,4.45E+04,,0.1221,133.26,0
L1466,B1219,4.44E+04,debt_consolidation,0.1178,595.97,0
L1467,B1157,4.44E+04,debt_consolidation,0.16,527.36,0
L1468,B1476,4.46E+04,debt_consolidation,0.1467,248.43,0
L1469,B1045,4.42E+04,debt_consolidation,0.0774,234.14,0
L1470,B1372,4.43E+04,debt_consolidation,0.1284,251.3,0
L1471,B1517,4.43E+04,debt_consolidation,0.1461,103.43,0
L1472,B1098,4.45E+04,credit_card,0.1158,115.55,0
L1473,B1891,4.44E+04,home_improvement,0.1183,115.97,0
L1474,B1744,4.44E+04,debt_consolidation,0.1496,346.47,0
L1475,B1036,4.42E+04,major_purchase,0.0737,111.77,0
L1476,B1279,4.42E+04,credit_card,0.1392,163.86,0
L1477,B1348,4.45E+04,debt_consolidation,0.1051,162.54,0
L1478,B1496,4.42E+04,debt_consolidation,0.1615,450.96,0
L1479,B1301,4.43E+04,debt_consolidation,0.0894,428.13,0
L1480,B1180,4.43E+04,debt_consolidation,0.1114,104.98,0
L1481,B1606,4.44E+04,,0.1475,221.08,0
L1482,B1098,4.43E+04,debt_consolidation,0.1347,162.83,0
L1483,B1699,4.43E+04,credit_card,0.1533,644.3,0
L1484,B1992,4.44E+04,debt_consolidation,0.1482,74.35,1
L1485,B1115,4.42E+04,small_business,0.1501,520.06,0
L1486,B1190,4.44E+04,home_improvement,0.1148,659.37,0
L1487,B1252,4.45E+04,,0.1797,650.48,0
L1488,B1980,4.45E+04,debt_consolidation,0.1392,177.52,0
L1489,B1927,4.43E+04,debt_consolidation,0.1426,603.79,0
L1490,B1982,4.42E+04,debt_consolidation,0.1387,255.86,0
L1491,B1160,4.43E+04,,0.1183,828.35,0
L1492,B1255,4.42E+04,,0.1183,165.67,0
L1493,B1322,4.43E+04,home_improvement,0.0976,803.87,0
L1494,B1127,4.43E+04,credit_card,0.0945,150.45,0
L1495,B1017,4.44E+04,credit_card,0.1513,260.47,0
L1496,B1792,4.44E+04,home_improvement,0.1146,79.1,0
L1497,B1734,4.45E+04,debt_consolidation,0.1189,497.46,0
L1498,B1565,4.43E+04,educational,0.1501,495.79,1
L1499,B1569,4.44E+04,debt_consolidation,0.1148,428.59,0
L1500,B1322,4.44E+04,debt_consolidation,0.1482,414.93,0
L1501,B1871,4.43E+04,credit_card,0.0863,134.42,0
L1502,B1685,4.44E+04,debt_consolidation,0.1008,310.13,0
L1503,B1791,4.42E+04,debt_consolidation,0.1474,172.69,0
L1504,B1625,4.43E+04,debt_consolidation,0.1284,430.31,0
L1505,B1287,4.44E+04,debt_consolidation,0.1343,523.78,0
L1506,B1942,4.44E+04,debt_consolidation,0.0951,372.44,1
L1507,B1853,4.43E+04,credit_card,0.1393,239.01,0
L1508,B1662,4.43E+04,debt_consolidation,0.0774,202.93,0
L1509,B1961,4.43E+04,,0.1357,169.85,0
L1510,B1638,4.45E+04,debt_consolidation,0.1322,270.41,0
L1511,B1154,4.43E+04,debt_consolidation,0.1474,690.74,0
L1512,B1489,4.44E+04,home_improvement,0.1347,339.23,0
L1513,B1385,4.42E+04,small_business,0.1531,678.9,0
L1514,B1985,4.43E+04,credit_card,0.0932,255.58,0
L1515,B1784,4.43E+04,,0.1253,133.87,1
L1516,B1103,4.43E+04,debt_consolidation,0.1284,605.13,0
L1517,B1928,4.45E+04,,0.0705,494.4,0
L1518,B1392,4.45E+04,debt_consolidation,0.1136,329.12,0
L1519,B1810,4.45E+04,debt_consolidation,0.1148,576.95,0
L1520,B1245,4.45E+04,,0.0751,311.1,0
L1521,B1175,4.45E+04,,0.1253,334.67,0
L1522,B1038,4.43E+04,debt_consolidation,0.16,787.53,0
L1523,B1476,4.43E+04,debt_consolidation,0.1461,163.76,0
L1524,B1681,4.45E+04,,0.1565,349.87,0
L1525,B1758,4.42E+04,credit_card,0.1083,594.39,0
L1526,B1537,4.43E+04,,0.0863,142.33,0
L1527,B1866,4.44E+04,credit_card,0.1443,257.91,0
L1528,B1817,4.44E+04,debt_consolidation,0.1287,161.44,0
L1529,B1920,4.45E+04,home_improvement,0.0932,255.58,0
L1530,B1407,4.44E+04,debt_consolidation,0.1392,409.65,0
L1531,B1524,4.45E+04,debt_consolidation,0.0963,320.95,0
L1532,B1827,4.42E+04,debt_consolidation,0.1122,507.46,1
L1533,B1505,4.43E+04,,0.16,852.57,1
L1534,B1902,4.44E+04,,0.1001,216.23,1
L1535,B1824,4.43E+04,debt_consolidation,0.1316,337.71,0
L1536,B1035,4.42E+04,home_improvement,0.1229,250.15,0
L1537,B1684,4.45E+04,credit_card,0.0932,319.47,0
L1538,B1019,4.44E+04,debt_consolidation,0.1531,417.79,0
L1539,B1320,4.43E+04,,0.08,219.36,0
L1540,B1775,4.42E+04,debt_consolidation,0.1426,686.12,0
L1541,B1511,4.44E+04,home_improvement,0.1635,158.99,0
L1542,B1399,4.44E+04,debt_consolidation,0.1878,913.63,0
L1543,B1653,4.45E+04,credit_card ,0.1411,154.03,0
L1544,B1971,4.44E+04,,0.1134,33.73,1
L1545,B1882,4.43E+04,debt_consolidation,0.1158,330.14,0
L1546,B1470,4.43E+04,,0.1537,69.7,0
L1547,B1142,4.45E+04,debt_consolidation,0.1474,518.06,0
L1548,B1091,4.43E+04,credit_card,0.1316,195.87,0
L1549,B1353,4.44E+04,credit_card,0.1071,228.22,0
L1550,B1833,4.45E+04,debt_consolidation,0.1261,201.04,1
L1551,B1799,4.42E+04,small_business,0.0964,240.74,1
L1552,B1726,4.45E+04,,0.1272,268.48,0
L1553,B1958,4.43E+04,debt_consolidation,0.1114,328.04,0
L1554,B1853,4.42E+04,home_improvement,0.1128,236.68,0
L1555,B1050,4.42E+04,debt_consolidation,0.1357,509.53,0
L1556,B1664,4.44E+04,debt_consolidation,0.0932,255.58,0
L1557,B1697,4.43E+04,debt_consolidation,0.1183,477.13,0
L1558,B1574,4.45E+04,credit_card,0.1254,199.17,0
L1559,B1189,4.44E+04,debt_consolidation,0.0788,406.65,0
L1560,B1124,4.44E+04,credit_card,0.1387,221.75,0
L1561,B1149,4.42E+04,,0.1438,227.66,0
L1562,B1313,4.43E+04,small_business,0.1189,397.97,1
L1563,B1569,4.45E+04,credit_card,0.1122,217.6,0
L1564,B1341,4.43E+04,debt_consolidation,0.1608,281.58,0
L1565,B1304,4.45E+04,home_improvement,0.1537,320.59,0
L1566,B1691,4.45E+04,credit_card,0.0963,102.71,0
L1567,B1681,4.45E+04,small_business,0.1158,396.17,0
L1568,B1837,4.43E+04,home_improvement,0.0932,319.47,0
L1569,B1782,4.44E+04,small_business,0.1422,342.85,0
L1570,B1053,4.44E+04,home_improvement,0.074,31.06,0
L1571,B1443,4.45E+04,home_improvement,0.1183,463.88,0
L1572,B1612,4.43E+04,,0.1357,509.53,0
L1573,B1992,4.44E+04,,0.16,70.32,1
L1574,B1263,4.45E+04,debt_consolidation,0.1422,205.71,0
L1575,B1052,4.46E+04,home_improvement,0.1148,659.37,0
L1576,B1571,4.45E+04,home_improvement,0.0774,312.19,0
L1577,B1619,4.43E+04,credit_card,0.1505,520.37,0
L1578,B1004,4.45E+04,credit_card,0.1568,471.65,0
L1579,B1102,4.43E+04,credit_card,0.1249,33.45,0
L1580,B1195,4.45E+04,home_improvement,0.1565,69.98,0
L1581,B1773,4.42E+04,debt_consolidation,0.1218,807.53,0
L1582,B1876,4.45E+04,educational,0.0859,110.64,0
L1583,B1991,4.45E+04,small_business,0.1695,178.14,1
L1584,B1883,4.45E+04,debt_consolidation,0.16,168.76,0
L1585,B1349,4.45E+04,major_purchase,0.1229,100.06,1
L1586,B1046,4.44E+04,credit_card,0.1442,326.64,1
L1587,B1866,4.43E+04,credit_card,0.1287,235.44,0
L1588,B1822,4.44E+04,home_improvement,0.1148,659.37,0
L1589,B1935,4.43E+04,debt_consolidation,0.1322,794.32,0
L1590,B1819,4.43E+04,educational,0.0774,218.54,0
L1591,B1655,4.42E+04,debt_consolidation,0.1576,420.47,0
L1592,B1268,4.43E+04,debt_consolidation,0.0894,381.26,0
L1593,B1369,4.43E+04,,0.0832,125.94,0
L1594,B1635,4.42E+04,debt_consolidation,0.1158,495.21,0
L1595,B1105,4.43E+04,debt_consolidation,0.1183,712.38,0
L1596,B1669,4.42E+04,debt_consolidation,0.1565,174.94,0
L1597,B1658,4.44E+04,,0.08,313.37,0
L1598,B1656,4.45E+04,debt_consolidation,0.1028,210.6,0
L1599,B1119,4.45E+04,credit_card,0.0963,417.23,0
L1600,B1830,4.43E+04,debt_consolidation,0.0932,127.79,0
L1601,B1786,4.43E+04,credit_card,0.1287,672.67,1
L1602,B1603,4.43E+04,small_business,0.102,485.42,1
L1603,B1057,4.42E+04,credit_card,0.1645,636.8,0
L1604,B1950,4.46E+04,debt_consolidation,0.1114,426.45,0
L1605,B1345,4.44E+04,debt_consolidation,0.1114,590.47,0
L1606,B1740,4.46E+04,,0.1114,442.85,0
L1607,B1473,4.45E+04,debt_consolidation,0.1385,136.42,0
L1608,B1116,4.43E+04,,0.1253,60.24,0
L1609,B1829,4.45E+04,,0.0768,187.15,0
L1610,B1790,4.43E+04,debt_consolidation,0.1392,682.74,0
L1611,B1126,4.43E+04,home_improvement,0.0894,317.72,0
L1612,B1392,4.44E+04,home_improvement,0.0894,317.72,0
L1613,B1907,4.45E+04,credit_card,0.1218,333,0
L1614,B1640,4.44E+04,home_improvement,0.0807,78.42,0
L1615,B1057,4.45E+04,debt_consolidation,0.1357,679.37,0
L1616,B1633,4.42E+04,,0.1253,240.96,0
L1617,B1512,4.44E+04,debt_consolidation,0.1804,532.64,0
L1618,B1750,4.43E+04,,0.0743,62.15,0
L1619,B1801,4.45E+04,debt_consolidation,0.1189,497.46,0
L1620,B1095,4.43E+04,debt_consolidation,0.1218,832.5,0
L1621,B1637,4.43E+04,credit_card,0.0976,96.47,0
L1622,B1117,4.44E+04,,0.0743,69.14,1
L1623,B1559,4.43E+04,,0.1287,134.54,1
L1624,B1600,4.46E+04,small_business,0.1947,184.49,0
L1625,B1487,4.45E+04,debt_consolidation,0.1158,363.15,0
L1626,B1236,4.45E+04,debt_consolidation,0.1392,286.75,0
L1627,B1884,4.44E+04,credit_card,0.1513,85.09,0
L1628,B1896,4.45E+04,credit_card,0.1261,184.29,0
L1629,B1271,4.45E+04,debt_consolidation,0.1357,84.93,1
L1630,B1188,4.44E+04,,0.1287,235.44,0
L1631,B1998,4.44E+04,,0.0932,127.79,0
L1632,B1703,4.44E+04,home_improvement,0.0863,28.47,0
L1633,B1446,4.44E+04,credit_card,0.08,310.24,0
L1634,B1580,4.45E+04,,0.1062,789.58,0
L1635,B1789,4.45E+04,debt_consolidation,0.1355,485.63,1
L1636,B1860,4.43E+04,major_purchase,0.1324,338.1,1
L1637,B1246,4.45E+04,debt_consolidation,0.1474,207.23,0
L1638,B1962,4.45E+04,debt_consolidation,0.0775,156.11,0
L1639,B1075,4.43E+04,,0.1411,855.73,1
L1640,B1153,4.44E+04,debt_consolidation,0.1008,323.05,0
L1641,B1655,4.42E+04,debt_consolidation,0.1379,477.06,1
L1642,B1434,4.44E+04,,0.1028,113.4,0
L1643,B1996,4.42E+04,major_purchase,0.1496,34.65,0
L1644,B1085,4.42E+04,educational,0.1392,170.69,0
L1645,B1696,4.44E+04,home_improvement,0.1099,327.36,0
L1646,B1284,4.43E+04,debt_consolidation,0.1576,525.58,0
L1647,B1973,4.45E+04,home_improvement,0.1071,116.56,1
L1648,B1219,4.44E+04,debt_consolidation,0.0859,189.67,0
L1649,B1068,4.44E+04,debt_consolidation,0.1392,85.35,0
L1650,B1046,4.44E+04,,0.1134,246.75,0
L1651,B1093,4.43E+04,debt_consolidation,0.1357,339.69,0
L1652,B1749,4.43E+04,debt_consolidation,0.1311,242.97,0
L1653,B1957,4.45E+04,,0.08,200.56,0
L1654,B1452,4.42E+04,debt_consolidation,0.1218,479.52,0
L1655,B1203,4.42E+04,debt_consolidation,0.1392,853.43,1
L1656,B1911,4.43E+04,debt_consolidation,0.1033,180.76,0
L1657,B1217,4.44E+04,major_purchase,0.074,155.3,0
L1658,B1473,4.43E+04,debt_consolidation,0.1461,549.88,0
L1659,B1431,4.45E+04,debt_consolidation,0.1632,565.02,0
L1660,B1340,4.43E+04,,0.1218,49.95,0
L1661,B1550,4.44E+04,credit_card,0.1739,645.26,0
L1662,B1611,4.45E+04,,0.1284,67.24,0
L1663,B1288,4.45E+04,debt_consolidation,0.1218,199.8,0
L1664,B1253,4.45E+04,credit_card,0.0894,349.49,0
L1665,B1733,4.42E+04,debt_consolidation,0.1272,167.8,0
L1666,B1356,4.45E+04,credit_card,0.0894,508.35,0
L1667,B1022,4.44E+04,debt_consolidation,0.152,312.01,0
L1668,B1761,4.45E+04,credit_card,0.1513,138.05,0
L1669,B1521,4.45E+04,major_purchase,0.1357,203.82,0
L1670,B1757,4.44E+04,debt_consolidation,0.1253,669.33,0
L1671,B1836,4.43E+04,debt_consolidation,0.1576,218.12,0
L1672,B1099,4.45E+04,educational,0.0996,96.75,0
L1673,B1801,4.45E+04,,0.0743,49.72,0
L1674,B1179,4.43E+04,major_purchase,0.1513,173.65,0
L1675,B1222,4.45E+04,debt_consolidation,0.1551,261.87,0
L1676,B1905,4.45E+04,,0.0863,221.4,0
L1677,B1761,4.44E+04,debt_consolidation,0.1505,277.53,0
L1678,B1658,4.42E+04,debt_consolidation,0.1197,292.16,0
L1679,B1441,4.43E+04,debt_consolidation,0.0963,417.23,0
L1680,B1607,4.43E+04,home_improvement,0.1287,336.34,0
L1681,B1768,4.42E+04,small_business,0.1474,207.23,1
L1682,B1324,4.43E+04,debt_consolidation,0.1392,648.61,0
L1683,B1515,4.43E+04,debt_consolidation,0.1411,342.29,0
L1684,B1015,4.44E+04,major_purchase,0.1758,898.55,1
L1685,B1791,4.42E+04,debt_consolidation,0.1537,522.7,0
L1686,B1335,4.45E+04,credit_card,0.1221,258.2,1
L1687,B1758,4.43E+04,debt_consolidation,0.1379,170.38,0
L1688,B1257,4.43E+04,debt_consolidation,0.1148,494.53,0
L1689,B1496,4.43E+04,debt_consolidation,0.1322,324.49,0
L1690,B1987,4.43E+04,debt_consolidation,0.1379,817.82,0
L1691,B1895,4.42E+04,,0.1474,120.88,1
L1692,B1159,4.45E+04,,0.08,156.69,0
L1693,B1474,4.42E+04,debt_consolidation,0.06,216.38,0
L1694,B1851,4.43E+04,debt_consolidation,0.1299,539.03,0
L1695,B1663,4.45E+04,debt_consolidation,0.1148,553.87,0
L1696,B1907,4.44E+04,debt_consolidation,0.0963,577.7,0
L1697,B1689,4.45E+04,debt_consolidation,0.1158,396.17,0
L1698,B1674,4.42E+04,credit_card,0.0859,189.67,0
L1699,B1379,4.45E+04,,0.1249,234.15,0
L1700,B1544,4.43E+04,home_improvement,0.1136,138.23,0
L1701,B1928,4.43E+04,,0.0932,95.85,0
L1702,B1956,4.43E+04,,0.1253,401.6,0
L1703,B1690,4.45E+04,credit_card,0.1537,167.27,1
L1704,B1426,4.42E+04,debt_consolidation,0.1399,307.56,0
L1705,B1612,4.45E+04,credit_card,0.1183,457.25,0
L1706,B1267,4.45E+04,,0.08,219.36,0
L1707,B1834,4.43E+04,,0.1128,139.71,1
L1708,B1576,4.45E+04,debt_consolidation,0.1362,163.17,0
L1709,B1416,4.44E+04,debt_consolidation,0.1261,251.3,0
L1710,B1167,4.44E+04,debt_consolidation,0.133,406.07,1
L1711,B1841,4.43E+04,,0.16,87.9,0
L1712,B1042,4.43E+04,debt_consolidation,0.1411,547.67,0
L1713,B1555,4.43E+04,debt_consolidation,0.1635,621.8,0
L1714,B1284,4.43E+04,debt_consolidation,0.1103,360.29,1
L1715,B1396,4.45E+04,credit_card,0.1284,285.76,0
L1716,B1011,4.44E+04,small_business,0.1357,161.36,0
L1717,B1606,4.44E+04,small_business,0.1249,836.23,1
L1718,B1301,4.45E+04,debt_consolidation,0.1778,901.06,0
L1719,B1897,4.43E+04,debt_consolidation,0.1287,815.61,0
L1720,B1252,4.44E+04,,0.1095,162.76,1
L1721,B1498,4.43E+04,debt_consolidation,0.1273,268.53,0
L1722,B1753,4.45E+04,small_business,0.1347,203.54,0
L1723,B1034,4.45E+04,educational,0.1062,182.34,0
L1724,B1726,4.43E+04,debt_consolidation,0.1355,135.84,1
L1725,B1848,4.42E+04,,0.1496,831.48,0
L1726,B1089,4.45E+04,,0.0894,381.26,0
L1727,B1775,4.43E+04,small_business,0.1154,659.91,1
L1728,B1604,4.46E+04,home_improvement,0.1183,132.54,0
L1729,B1921,4.45E+04,home_improvement,0.1183,662.68,0
L1730,B1969,4.44E+04,debt_consolidation,0.16,316.42,0
L1731,B1601,4.45E+04,educational,0.1134,157.92,0
L1732,B1417,4.43E+04,debt_consolidation,0.1292,176.7,1
L1733,B1114,4.44E+04,,0.074,77.65,0
L1734,B1616,4.44E+04,debt_consolidation,0.1148,494.53,0
L1735,B1902,4.43E+04,debt_consolidation,0.1322,219.71,0
L1736,B1195,4.43E+04,credit_card,0.1411,82.15,0
L1737,B1825,4.44E+04,debt_consolidation,0.1322,67.61,0
L1738,B1500,4.43E+04,debt_consolidation,0.1861,535.95,0
L1739,B1625,4.45E+04,,0.1287,94.18,1
L1740,B1492,4.42E+04,,0.074,93.18,0
L1741,B1074,4.44E+04,credit_card,0.1442,773.61,1
L1742,B1412,4.43E+04,debt_consolidation,0.1189,328.33,0
L1743,B1375,4.42E+04,small_business,0.1209,332.58,0
L1744,B1419,4.44E+04,home_improvement,0.1442,292.26,0
L1745,B1728,4.43E+04,debt_consolidation,0.1189,643.39,0
L1746,B1276,4.43E+04,credit_card,0.1739,645.26,0
L1747,B1760,4.44E+04,small_business,0.1663,567.52,0
L1748,B1675,4.43E+04,home_improvement,0.1357,81.53,0
L1749,B1393,4.44E+04,debt_consolidation,0.1287,840.83,0
L1750,B1868,4.44E+04,major_purchase,0.1379,170.38,1
L1751,B1456,4.44E+04,debt_consolidation,0.0859,410.94,0
L1752,B1919,4.43E+04,credit_card,0.1062,150.59,0
L1753,B1191,4.43E+04,debt_consolidation,0.1311,236.22,0
L1754,B1738,4.43E+04,home_improvement,0.0832,149.55,1
L1755,B1688,4.45E+04,debt_consolidation,0.1186,265.17,1
L1756,B1098,4.43E+04,educational,0.1501,443.81,0
L1757,B1547,4.42E+04,debt_consolidation,0.087,383.87,0
L1758,B1977,4.44E+04,home_improvement,0.0894,381.26,0
L1759,B1998,4.44E+04,debt_consolidation,0.1426,171.53,0
L1760,B1095,4.44E+04,educational,0.1284,268.95,1
L1761,B1663,4.44E+04,debt_consolidation,0.0932,70.29,1
L1762,B1662,4.45E+04,debt_consolidation,0.1496,259.84,0
L1763,B1189,4.44E+04,debt_consolidation,0.1496,346.45,0
L1764,B1735,4.44E+04,debt_consolidation,0.1474,345.37,0
L1765,B1036,4.44E+04,credit_card,0.1249,468.29,0
L1766,B1779,4.44E+04,credit_card,0.0863,170.8,0
L1767,B1368,4.44E+04,debt_consolidation,0.1538,306.7,0
L1768,B1694,4.45E+04,credit_card,0.1392,54.62,0
L1769,B1524,4.45E+04,home_improvement,0.1442,82.52,0
L1770,B1278,4.44E+04,home_improvement,0.1095,278.07,0
L1771,B1216,4.43E+04,debt_consolidation,0.1426,494.01,0
L1772,B1866,4.45E+04,debt_consolidation,0.1411,143.77,0
L1773,B1872,4.44E+04,credit_card,0.1148,435.19,0
L1774,B1797,4.42E+04,debt_consolidation,0.1474,276.3,0
L1775,B1272,4.42E+04,credit_card,0.1114,164.02,0
L1776,B1880,4.43E+04,home_improvement,0.1392,204.83,0
L1777,B1061,4.44E+04,major_purchase,0.1322,202.81,0
L1778,B1595,4.43E+04,debt_consolidation,0.1158,495.21,0
L1779,B1879,4.44E+04,,0.1287,67.27,0
L1780,B1728,4.44E+04,home_improvement,0.1531,87.04,0
L1781,B1341,4.44E+04,debt_consolidation,0.1347,360.43,0
L1782,B1396,4.44E+04,debt_consolidation,0.0894,381.26,0
L1783,B1698,4.42E+04,,0.1704,856.18,0
L1784,B1018,4.42E+04,debt_consolidation,0.1253,686.06,0
L1785,B1176,4.42E+04,debt_consolidation,0.1218,266.4,0
L1786,B1611,4.43E+04,home_improvement,0.1253,227.58,1
L1787,B1395,4.43E+04,educational,0.1505,60.71,0
L1788,B1444,4.44E+04,small_business,0.1316,270.17,1
L1789,B1232,4.42E+04,debt_consolidation,0.1379,391.87,0
L1790,B1914,4.43E+04,debt_consolidation,0.1158,429.18,0
L1791,B1075,4.43E+04,,0.0774,249.75,0
L1792,B1264,4.43E+04,,0.1284,268.95,0
L1793,B1454,4.43E+04,,0.0933,287.59,1
L1794,B1795,4.42E+04,,0.1218,149.85,0
L1795,B1717,4.42E+04,debt_consolidation,0.1253,811.56,0
L1796,B1734,4.43E+04,credit_card,0.1159,247.65,0
L1797,B1383,4.42E+04,debt_consolidation,0.0963,417.23,0
L1798,B1563,4.44E+04,debt_consolidation,0.1418,171.33,0
L1799,B1850,4.45E+04,,0.1379,340.76,0
L1800,B1505,4.44E+04,small_business,0.1474,552.59,1
L1801,B1366,4.45E+04,credit_card,0.1134,296.1,0
L1802,B1143,4.45E+04,debt_consolidation,0.1183,417.49,0
L1803,B1884,4.44E+04,debt_consolidation,0.1311,269.96,0
L1804,B1068,4.44E+04,debt_consolidation,0.1461,706.74,0
L1805,B1098,4.45E+04,debt_consolidation,0.0894,457.51,0
L1806,B1395,4.45E+04,debt_consolidation,0.1379,681.51,1
L1807,B1024,4.44E+04,major_purchase,0.1505,156.12,0
L1808,B1947,4.44E+04,debt_consolidation,0.0894,571.89,0
L1809,B1890,4.43E+04,debt_consolidation,0.1322,253.51,0
L1810,B1468,4.45E+04,home_improvement,0.1392,204.83,0
L1811,B1483,4.45E+04,,0.1183,397.61,0
L1812,B1564,4.44E+04,,0.1183,811.79,0
L1813,B1150,4.43E+04,,0.0932,118.21,0
L1814,B1143,4.43E+04,debt_consolidation,0.1311,371.2,0
L1815,B1568,4.43E+04,credit_card,0.1039,129.81,0
L1816,B1038,4.42E+04,,0.1183,99.41,0
L1817,B1108,4.45E+04,debt_consolidation,0.1273,402.8,0
L1818,B1692,4.44E+04,credit_card,0.1853,546.27,0
L1819,B1041,4.43E+04,,0.1218,279.72,0
L1820,B1185,4.42E+04,,0.074,105.61,0
L1821,B1934,4.43E+04,credit_card,0.1272,268.48,1
L1822,B1397,4.43E+04,small_business,0.1221,666.3,0
L1823,B1222,4.42E+04,credit_card,0.0838,252.1,0
L1824,B1633,4.43E+04,small_business,0.1025,809.62,0
L1825,B1132,4.43E+04,debt_consolidation,0.1114,623.27,0
L1826,B1162,4.45E+04,credit_card ,0.1083,391.9,0
L1827,B1214,4.44E+04,debt_consolidation,0.1099,197.23,0
L1828,B1732,4.45E+04,home_improvement,0.1379,272.61,0
L1829,B1234,4.44E+04,debt_consolidation,0.1545,244.21,0
L1830,B1842,4.43E+04,home_improvement,0.0894,301.83,0
L1831,B1657,4.44E+04,credit_card,0.1189,276.92,0
L1832,B1750,4.42E+04,,0.1411,171.15,0
L1833,B1587,4.42E+04,home_improvement,0.08,31.34,0
L1834,B1008,4.45E+04,debt_consolidation,0.1183,662.68,0
L1835,B1073,4.45E+04,debt_consolidation,0.1565,279.89,0
L1836,B1953,4.45E+04,credit_card,0.1531,174.08,0
L1837,B1491,4.45E+04,debt_consolidation,0.1513,680.69,0
L1838,B1912,4.42E+04,,0.1001,242.04,0
L1839,B1252,4.45E+04,home_improvement,0.1183,331.34,0
L1840,B1229,4.43E+04,debt_consolidation,0.1311,192.35,1
L1841,B1518,4.42E+04,home_improvement,0.074,124.24,0
L1842,B1173,4.43E+04,small_business,0.1947,184.49,1
L1843,B1652,4.44E+04,debt_consolidation,0.1218,299.7,0
L1844,B1167,4.45E+04,debt_consolidation,0.1229,250.15,0
L1845,B1169,4.44E+04,debt_consolidation,0.1756,503.05,0
L1846,B1392,4.43E+04,small_business,0.1739,896.19,1
L1847,B1945,4.45E+04,Credit_Card,0.0963,115.54,0
L1848,B1794,4.46E+04,,0.0859,151.73,0
L1849,B1633,4.45E+04,small_business,0.1758,251.6,0
L1850,B1193,4.42E+04,debt_consolidation,0.1387,71.65,0
L1851,B1516,4.45E+04,educational,0.1557,559.13,0
L1852,B1028,4.45E+04,debt_consolidation,0.1632,529.71,0
L1853,B1164,4.43E+04,home_improvement,0.1253,40.16,0
L1854,B1421,4.43E+04,debt_consolidation,0.1189,165.82,0
L1855,B1338,4.44E+04,,0.1183,424.12,0
L1856,B1647,4.44E+04,debt_consolidation,0.1324,405.72,0
L1857,B1495,4.43E+04,debt_consolidation,0.16,175.79,1
L1858,B1364,4.44E+04,home_improvement,0.0894,317.72,0
L1859,B1832,4.45E+04,educational,0.0976,46.63,0
L1860,B1341,4.45E+04,debt_consolidation,0.1496,866.13,1
L1861,B1499,4.43E+04,debt_consolidation,0.16,421.89,1
L1862,B1656,4.44E+04,debt_consolidation,0.1322,84.51,1
L1863,B1510,4.43E+04,credit_card,0.1261,83.77,0
L1864,B1326,4.45E+04,small_business,0.1095,490.71,1
L1865,B1216,4.45E+04,debt_consolidation,0.1507,41.64,0
L1866,B1300,4.45E+04,debt_consolidation,0.1148,296.72,0
L1867,B1131,4.44E+04,home_improvement,0.0807,313.67,0
L1868,B1803,4.44E+04,,0.0963,224.66,0
L1869,B1069,4.45E+04,debt_consolidation,0.1025,226.7,0
L1870,B1251,4.45E+04,educational,0.1217,299.67,0
L1871,B1414,4.45E+04,,0.1357,509.53,0
L1872,B1786,4.44E+04,debt_consolidation,0.16,703.15,0
L1873,B1444,4.42E+04,debt_consolidation,0.0788,359.73,0
L1874,B1875,4.42E+04,debt_consolidation,0.1426,686.12,1
L1875,B1181,4.45E+04,home_improvement,0.0676,30.77,0
L1876,B1166,4.45E+04,debt_consolidation,0.0832,377.82,0
L1877,B1090,4.44E+04,debt_consolidation,0.1348,678.49,0
L1878,B1713,4.43E+04,home_improvement,0.1392,256.03,0
L1879,B1857,4.45E+04,educational,0.1114,164.02,0
L1880,B1530,4.45E+04,debt_consolidation,0.1583,286.73,0
L1881,B1038,4.43E+04,debt_consolidation,0.1158,445.69,0
L1882,B1125,4.43E+04,credit_card,0.1505,86.73,0
L1883,B1450,4.45E+04,,0.074,155.3,0
L1884,B1172,4.44E+04,,0.1183,265.08,0
L1885,B1652,4.44E+04,,0.1324,338.1,0
L1886,B1753,4.45E+04,credit_card,0.0894,397.15,0
L1887,B1219,4.44E+04,credit_card,0.0768,155.96,0
L1888,B1637,4.43E+04,small_business,0.1913,550.81,0
L1889,B1057,4.43E+04,debt_consolidation,0.1531,174.08,0
L1890,B1659,4.42E+04,,0.1166,52.89,0
L1891,B1475,4.44E+04,,0.0676,147.7,0
L1892,B1455,4.43E+04,educational,0.1183,662.68,0
L1893,B1828,4.42E+04,credit_card,0.1241,668.21,0
L1894,B1894,4.45E+04,debt_consolidation,0.1392,477.92,0
L1895,B1360,4.44E+04,debt_consolidation,0.1601,109.01,0
L1896,B1934,4.42E+04,credit_card,0.1505,277.53,0
L1897,B1000,4.43E+04,,0.08,313.37,0
L1898,B1386,4.43E+04,,0.1183,231.94,0
L1899,B1972,4.43E+04,credit_card,0.08,62.68,0
L1900,B1347,4.45E+04,debt_consolidation,0.1059,325.45,0
L1901,B1189,4.46E+04,debt_consolidation,0.1221,666.3,0
L1902,B1504,4.44E+04,,0.1186,198.89,0
L1903,B1190,4.43E+04,credit_card,0.1241,60.14,0
L1904,B1507,4.43E+04,credit_card,0.1861,759.27,0
L1905,B1368,4.44E+04,debt_consolidation,0.0714,100.56,1
L1906,B1408,4.44E+04,,0.157,175.06,0
L1907,B1823,4.44E+04,debt_consolidation,0.16,492.21,0
L1908,B1928,4.45E+04,debt_consolidation,0.1253,334.67,0
L1909,B1933,4.43E+04,small_business,0.1186,828.69,0
L1910,B1116,4.43E+04,debt_consolidation ,0.1537,296.2,0
L1911,B1133,4.44E+04,debt_consolidation,0.1537,519.21,0
L1912,B1057,4.45E+04,,0.1355,45,1
L1913,B1555,4.42E+04,debt_consolidation,0.1362,316.99,0
L1914,B1684,4.45E+04,credit_card,0.0894,155.69,0
L1915,B1671,4.45E+04,credit_card,0.0894,190.63,0
L1916,B1172,4.45E+04,credit_card,0.1418,136.21,0
L1917,B1828,4.45E+04,educational,0.1253,430.88,1
L1918,B1814,4.42E+04,debt_consolidation,0.16,351.58,0
L1919,B1148,4.44E+04,major_purchase,0.1178,198.66,0
L1920,B1079,4.45E+04,debt_consolidation,0.1221,333.15,0
L1921,B1885,4.42E+04,debt_consolidation,0.0938,191.87,0
L1922,B1212,4.43E+04,credit_card,0.1379,654.25,0
L1923,B1202,4.43E+04,debt_consolidation,0.1442,446.98,0
L1924,B1763,4.42E+04,,0.1284,235.33,1
L1925,B1228,4.45E+04,debt_consolidation,0.1287,437.24,0
L1926,B1675,4.44E+04,credit_card,0.0894,317.72,0
L1927,B1226,4.44E+04,home_improvement,0.1379,511.14,0
L1928,B1658,4.45E+04,,0.1146,329.57,0
L1929,B1531,4.44E+04,,0.1253,334.67,0
L1930,B1440,4.42E+04,small_business,0.1284,403.42,0
L1931,B1401,4.44E+04,small_business,0.1474,268.53,0
L1932,B1046,4.43E+04,,0.074,86.97,0
L1933,B1232,4.42E+04,debt_consolidation,0.1407,136,0
L1934,B1304,4.42E+04,home_improvement,0.1209,665.15,0
L1935,B1525,4.42E+04,major_purchase,0.1229,166.77,0
L1936,B1142,4.45E+04,,0.1496,86616,0
L1937,B1414,4.43E+04,debt_consolidation,0.1418,445.45,1
L1938,B1512,4.45E+04,credit card,0.1347,508.84,0
L1939,B1372,4.43E+04,major_purchase,0.1183,101.89,0
L1940,B1565,4.44E+04,debt_consolidation,0.1284,84.05,0
L1941,B1885,4.43E+04,small_business,0.1146,411.97,0
L1942,B1258,4.43E+04,credit_card,0.1039,464.05,0
L1943,B1655,4.46E+04,debt_consolidation,0.1253,485.27,0
L1944,B1470,4.44E+04,home_improvement,0.1039,194.71,0
L1945,B1952,4.43E+04,debt_consolidation,0.1347,244.25,0
L1946,B1970,4.43E+04,debt_consolidation,0.08,137.88,0
L1947,B1011,4.43E+04,debt_consolidation,0.1229,192.62,0
L1948,B1329,4.46E+04,,0.0768,155.96,0
L1949,B1735,4.45E+04,debt_consolidation,0.1635,551.14,0
L1950,B1783,4.42E+04,credit_card,0.1091,586.9,0
L1951,B1967,4.43E+04,debt_consolidation,0.1533,435.36,0
L1952,B1357,4.44E+04,credit_card,0.1322,87.89,0
L1953,B1971,4.45E+04,major_purchase,0.1357,254.77,0
L1954,B1407,4.46E+04,debt_consolidation,0.1843,727.4,0
L1955,B1667,4.46E+04,home_improvement ,0.1565,874.66,0
L1956,B1372,4.42E+04,credit_card,0.1379,306.68,0
L1957,B1007,4.45E+04,small_business,0.1461,344.76,0
L1958,B1121,4.44E+04,debt_consolidation,0.1482,207.47,0
L1959,B1347,4.44E+04,major_purchase,0.0976,96.47,0
L1960,B1675,4.43E+04,,0.1379,204.46,0
L1961,B1089,4.43E+04,debt_consolidation,0.1461,165.49,0
L1962,B1647,4.42E+04,,0.1014,258.67,0
L1963,B1697,4.43E+04,,0.1083,244.94,0
L1964,B1315,4.44E+04,,0.1221,333.15,0
L1965,B1177,4.43E+04,,0.1496,691.17,0
L1966,B1539,4.45E+04,credit_card,0.1253,267.74,0
L1967,B1731,4.43E+04,,0.1114,459.25,0
L1968,B1868,4.42E+04,credit_card,0.1287,504.5,0
L1969,B1040,4.44E+04,home_improvement,0.0976,154.35,0
L1970,B1739,4.42E+04,debt_consolidation,0.1025,80347,0
L1971,B1703,4.43E+04,debt_consolidation,0.1253,401.6,0
L1972,B1922,4.42E+04,debt_consolidation,0.1461,744.67,1
L1973,B1501,4.43E+04,,0.1904,458.46,1
L1974,B1958,4.44E+04,debt_consolidation,0.0859,316.11,1
L1975,B1144,4.44E+04,home_improvement,0.1254,192.47,1
L1976,B1200,4.43E+04,home_improvement,0.1221,166.58,1
L1977,B1928,4.45E+04,,0.1218,159.84,0
L1978,B1723,4.44E+04,,0.1347,169.62,0
L1979,B1460,4.43E+04,educational,0.1438,240.54,0
L1980,B1731,4.44E+04,credit_card,0.1189,296.82,0
L1981,B1751,4.43E+04,,0.1122,155.19,1
L1982,B1924,4.43E+04,debt_consolidation,0.1347,508.84,0
L1983,B1908,4.43E+04,educational,0.0963,208.62,0
L1984,B1557,4.42E+04,credit_card,0.1114,278.83,0
L1985,B1546,4.42E+04,debt_consolidation,0.1287,403.6,1
L1986,B1252,4.44E+04,,0.1719,536.2,0
L1987,B1389,4.44E+04,home_improvement,0.1418,513.98,0
L1988,B1593,4.45E+04,,0.0996,51.6,1
L1989,B1882,4.44E+04,debt consolidation ,0.0775,218.55,0
L1990,B1255,4.45E+04,,0.0743,77.69,0
L1991,B1708,4.46E+04,,0.1505,81235,0
L1992,B1814,4.44E+04,,0.1028,164.42,0
L1993,B1920,4.42E+04,debt_consolidation,0.1197,336.98,0
L1994,B1449,4.45E+04,small_business,0.1134,789.6,1
L1995,B1009,4.44E+04,credit_card,0.1183,99.41,0
L1996,B1823,4.43E+04,small_business,0.0963,318.54,0
L1997,B1797,4.42E+04,debt_consolidation ,0.0963,449.32,0
L1998,B1241,4.45E+04,,0.0963,449.32,0
L1999,B1250,4.43E+04,debt_consolidation,0.1565,384.85,0